Workbook
Name ListaLokali: _xlfn._xlws.FILTER(TabelaLokale[Nr lokalu],TabelaLokale[Miasto]=Przeglądy!$A1)

Sheet Lokale
B2: Miasto | C2: Nr lokalu
B3: BYDGOSZCZ | C3: B75 (Multistore)
B4: BYDGOSZCZ | C4: B38 (Ministore)
B5: KATOWICE | C5: B52 (Multistore)
B6: KATOWICE | C6: B53 (Glamour)
B7: KATOWICE | C7: BA1 (Beauty Shop)
B8: KATOWICE | C8: BA2 (Multistore)
B9: KATOWICE | C9: B51 (Magazyn)
B10: KATOWICE | C10: 284 (Cavarious)
B11: POZNAŃ | C11: B39 (Multistore)
B12: POZNAŃ | C12: B17 (Ministore)
B13: POZNAŃ | C13: B15 (ZOOM)
... B74: KRAKÓW | C74: Wszystkie lokale

Sheet Listy
A1: Termin ważności | C1: Grupa przeglądu | D1: Rodzaj przeglądu
A2: 1 | C2: Główny | D2: Elektryczny (roczny)
A3: 2 | C3: Główny | D3: Elektryczny (5-cio letni)
A4: 3 | C4: Główny | D4: Systemy PPOŻ
A5: 6 | C5: Główny | D5: Gaśnice
A6: 12 | C6: Główny | D6: Klimatyzacja
A7: 24 | C7: Główny | D7: Alarmy
A8: 36 | C8: Główny | D8: Hydranty
A9: 60 | C9: Główny | D9: Rolety
C10: Główny | D10: Wentylacja
C11: Główny | D11: Wymiana filtrów
C12: Główny | D12: Regałów magazynowych
C13: Główny | D13: CRO
C14: Główny | D14: Mroźnia/Chłodnia
C15: Główny | D15: Regały chłodnicze
C16: Główny | D16: Separatory tłuszczu
C17: Główny | D17: Vendingi
C18: Główny | D18: UDT (wózki widłowe, paleciaki)
C19: Główny | D19: BHP (drabiny, schodki, podesty)
C20: Główny | D20: Ansul | E20: travel chef/ cavarious/ notam/poznań/katowice/radom x2 - travel chef i cavarious, treminal A katowice - centralna nawiewowa
C21: Główny | D21: Okap
C22: Główny | D22: Brama garażowa | E22: katowice magazyn - zew. Na płycie lotniska
C23: Główny | D23: Żaluzje (gastro)
C24: Główny | D24: Bramki antykradzieżowe
C25: Poboczny | D25: Klamki na kod
C26: Poboczny | D26: Oświetlenie
C27: Poboczny | D27: Drzwi przeciwpożarowe
C28: Poboczny | D28: Drzwi na zaplecze
C29: Poboczny | D29: Systemy multmedialne
C30: Poboczny | D30: Posadzki, wykładziny
C31: Poboczny | D31: Kontrola kurzu
C32: Poboczny | D32: Light boxy
C33: Poboczny | D33: Floorboxy
C34: Poboczny | D34: Meble
... C40: Poboczny | D40: Sprawdzenie pompy odpływowej

Sheet Pomoc
A1: Lista miast
A2: {=_xlfn.UNIQUE(TabelaLokale[Miasto])} -> BYDGOSZCZ
A3: KATOWICE
A4: POZNAŃ
A5: RZESZÓW
A6: WROCŁAW
A7: WARSZAWA
A8: SONATA
A9: WARSZAWA ZACHODNIA
A10: MODLIN
A11: RADOM
A12: KRAKÓW
A13: ŚWINOUJŚCIE
A14: ZIELONA GÓRA
A15: 0

Sheet Drabiny i podesty
B2: MPK (LOKAL) | C2: RODZAJ | D2: ILOŚĆ (szt.) | E2: ILOŚĆ SZCZEBLI
B3: B75/B38 Bygdoszcz | C3: Drabiny metalowe | D3: 1 | E3: 4
D4: 1 | E4: 5
C5: Podsest plastikowy | D5: 1 | E5: 42cm
B6: 532 Magazyn WAW | C6: Drabiny plastikowe | D6: 2 | E6: 2
C7: Drabiny metalowe | D7: 2 | E7: 3
D8: 1 | E8: 5
D9: 1 | E9: 7
D10: 3 | E10: 21
C11: Schodki | D11: 1 | E11: 9
B12: 288 (PKP Kraków) | C12: Drabina metalowa | D12: 1 | E12: 14
B13: 170 WAW | C13: Schodki plastikowe | D13: 1 | E13: 2
B14: 181 WAW | C14: Schodki plastikowe | D14: 1 | E14: 2
B15: 174 WAW | C15: Schodki plastikowe | D15: 1 | E15: 2
B16: 177 WAW | C16: Schodki plastikowe | D16: 2 | E16: 2
B17: 182 WAW | C17: Schodki plastikowe | D17: 1 | E17: 2
C18: Drabina metalowa | D18: 1 | E18: 5
B19: 171,172,180 | C19: Schodki plastikowe | D19: 1 | E19: 2
C20: Schodki metalowe | D20: 1 | E20: 2
B21: 183 WAW | C21: Schodki plastikowe | D21: 1 | E21: 2
C22: Drabina metalowa | D22: 1 | E22: 5

Sheet Przeglądy
A1: Miasto | B1: Nr lokalu | C1: Grupa przeglądu | D1: Rodzaj przeglądu | E1: Data wykonania | F1: Ważny przez (mies.) | G1: Data następnego przeglądu | H1: Status | I1: Data dodania protokołu | J1: Czy protokół dodany | K1: Uwagi
A2: RADOM | B2: 211 (Travel Chef) | C2: Główny | D2: Okap | E2: 46163 | F2: 12 | G2: =IF(OR(E2="",F2=""),"",DATE(YEAR(E2),MONTH(E2)+F2,DAY(E2))) -> 46528 | H2: =IF(G2="","",IF(G2<TODAY(),"PO TERMINIE",IF(G2<=TODAY()+14,"DO WYKONANIA","OK"))) -> OK | J2: =IF(COUNTA(A2:F2)=0,"",IF(I2="","BRAK PROTOKOŁU","DODANY")) -> BRAK PROTOKOŁU | M2: {=IF($A2="","",IFERROR(TRANSPOSE(_xlfn._xlws.FILTER(Lokale!$C$3:$C$91,Lokale!$B$3:$B$91=$A2)),""))} -> 212 (Cavarious) | N2: 211 (Travel Chef) | O2: 213 (Cavarious NS) | P2: BR1 (Multistore) | Q2: BR2 (ZOOM) | R2: BR3 (Ministore) | S2: 214 (Bistro) | T2: BR4 (Starter) | U2: Wszystkie lokale | AJ2: {=IF($C2="","",IFERROR(TRANSPOSE(_xlfn._xlws.FILTER(Listy!$D$2:$D$60,Listy!$C$2:$C$60=$C2)),""))} -> Elektryczny (roczny) | AK2: Elektryczny (5-cio letni) | AL2: Systemy PPOŻ | AM2: Gaśnice | AN2: Klimatyzacja | AO2: Alarmy | AP2: Hydranty | AQ2: Rolety | AR2: Wentylacja | AS2: Wymiana filtrów | AT2: Regałów magazynowych | AU2: CRO | AV2: Mroźnia/Chłodnia | AW2: Regały chłodnicze | AX2: Separatory tłuszczu | AY2: Vendingi | AZ2: UDT (wózki widłowe, paleciaki) | BA2: BHP (drabiny, schodki, podesty) | BB2: Ansul | BC2: Okap | BD2: Brama garażowa | BE2: Żaluzje (gastro) | BF2: Bramki antykradzieżowe | BG2: Mycie jednostek klimatyzacji
A3: RADOM | B3: 214 (Bistro) | C3: Główny | D3: Okap | E3: 46163 | F3: 12 | G3: =IF(OR(E3="",F3=""),"",DATE(YEAR(E3),MONTH(E3)+F3,DAY(E3))) -> 46528 | H3: =IF(G3="","",IF(G3<TODAY(),"PO TERMINIE",IF(G3<=TODAY()+14,"DO WYKONANIA","OK"))) -> OK | J3: =IF(COUNTA(A3:F3)=0,"",IF(I3="","BRAK PROTOKOŁU","DODANY")) -> BRAK PROTOKOŁU | M3: {=IF($A3="","",IFERROR(TRANSPOSE(_xlfn._xlws.FILTER(Lokale!$C$3:$C$91,Lokale!$B$3:$B$91=$A3)),""))} -> 212 (Cavarious) | N3: 211 (Travel Chef) | O3: 213 (Cavarious NS) | P3: BR1 (Multistore) | Q3: BR2 (ZOOM) | R3: BR3 (Ministore) | S3: 214 (Bistro) | T3: BR4 (Starter) | U3: Wszystkie lokale | AJ3: {=IF($C3="","",IFERROR(TRANSPOSE(_xlfn._xlws.FILTER(Listy!$D$2:$D$60,Listy!$C$2:$C$60=$C3)),""))} -> Elektryczny (roczny) | AK3: Elektryczny (5-cio letni) | AL3: Systemy PPOŻ | AM3: Gaśnice | AN3: Klimatyzacja | AO3: Alarmy | AP3: Hydranty | AQ3: Rolety | AR3: Wentylacja | AS3: Wymiana filtrów | AT3: Regałów magazynowych | AU3: CRO | AV3: Mroźnia/Chłodnia | AW3: Regały chłodnicze | AX3: Separatory tłuszczu | AY3: Vendingi | AZ3: UDT (wózki widłowe, paleciaki) | BA3: BHP (drabiny, schodki, podesty) | BB3: Ansul | BC3: Okap | BD3: Brama garażowa | BE3: Żaluzje (gastro) | BF3: Bramki antykradzieżowe | BG3: Mycie jednostek klimatyzacji
A4: SONATA | B4: 210 (NOTAM) | C4: Główny | D4: Okap | E4: 46091 | F4: 12 | G4: =IF(OR(E4="",F4=""),"",DATE(YEAR(E4),MONTH(E4)+F4,DAY(E4))) -> 46456 | H4: =IF(G4="","",IF(G4<TODAY(),"PO TERMINIE",IF(G4<=TODAY()+14,"DO WYKONANIA","OK"))) -> OK | J4: =IF(COUNTA(A4:F4)=0,"",IF(I4="","BRAK PROTOKOŁU","DODANY")) -> BRAK PROTOKOŁU | M4: {=IF($A4="","",IFERROR(TRANSPOSE(_xlfn._xlws.FILTER(Lokale!$C$3:$C$91,Lokale!$B$3:$B$91=$A4)),""))} -> 210 (NOTAM) | AJ4: {=IF($C4="","",IFERROR(TRANSPOSE(_xlfn._xlws.FILTER(Listy!$D$2:$D$60,Listy!$C$2:$C$60=$C4)),""))} -> Elektryczny (roczny) | AK4: Elektryczny (5-cio letni) | AL4: Systemy PPOŻ | AM4: Gaśnice | AN4: Klimatyzacja | AO4: Alarmy | AP4: Hydranty | AQ4: Rolety | AR4: Wentylacja | AS4: Wymiana filtrów | AT4: Regałów magazynowych | AU4: CRO | AV4: Mroźnia/Chłodnia | AW4: Regały chłodnicze | AX4: Separatory tłuszczu | AY4: Vendingi | AZ4: UDT (wózki widłowe, paleciaki) | BA4: BHP (drabiny, schodki, podesty) | BB4: Ansul | BC4: Okap | BD4: Brama garażowa | BE4: Żaluzje (gastro) | BF4: Bramki antykradzieżowe | BG4: Mycie jednostek klimatyzacji
A5: RADOM | B5: 212 (Cavarious) | C5: Główny | D5: Okap | E5: 46168 | F5: 12 | G5: =IF(OR(E5="",F5=""),"",DATE(YEAR(E5),MONTH(E5)+F5,DAY(E5))) -> 46533 | H5: =IF(G5="","",IF(G5<TODAY(),"PO TERMINIE",IF(G5<=TODAY()+14,"DO WYKONANIA","OK"))) -> OK | M5: {=IF($A5="","",IFERROR(TRANSPOSE(_xlfn._xlws.FILTER(Lokale!$C$3:$C$91,Lokale!$B$3:$B$91=$A5)),""))} -> 212 (Cavarious) | N5: 211 (Travel Chef) | O5: 213 (Cavarious NS) | P5: BR1 (Multistore) | Q5: BR2 (ZOOM) | R5: BR3 (Ministore) | S5: 214 (Bistro) | T5: BR4 (Starter) | U5: Wszystkie lokale
A6: ŚWINOUJŚCIE | B6: B76 | C6: Główny | D6: Alarmy | E6: 46154 | F6: 12 | G6: =IF(OR(E6="",F6=""),"",DATE(YEAR(E6),MONTH(E6)+F6,DAY(E6))) -> 46519 | H6: =IF(G6="","",IF(G6<TODAY(),"PO TERMINIE",IF(G6<=TODAY()+14,"DO WYKONANIA","OK"))) -> OK | J6: =IF(COUNTA(A6:F6)=0,"",IF(I6="","BRAK PROTOKOŁU","DODANY")) -> BRAK PROTOKOŁU | M6: {=IF($A6="","",IFERROR(TRANSPOSE(_xlfn._xlws.FILTER(Lokale!$C$3:$C$91,Lokale!$B$3:$B$91=$A6)),""))} -> B76 | AJ6: {=IF($C6="","",IFERROR(TRANSPOSE(_xlfn._xlws.FILTER(Listy!$D$2:$D$60,Listy!$C$2:$C$60=$C6)),""))} -> Elektryczny (roczny) | AK6: Elektryczny (5-cio letni) | AL6: Systemy PPOŻ | AM6: Gaśnice | AN6: Klimatyzacja | AO6: Alarmy | AP6: Hydranty | AQ6: Rolety | AR6: Wentylacja | AS6: Wymiana filtrów | AT6: Regałów magazynowych | AU6: CRO | AV6: Mroźnia/Chłodnia | AW6: Regały chłodnicze | AX6: Separatory tłuszczu | AY6: Vendingi | AZ6: UDT (wózki widłowe, paleciaki) | BA6: BHP (drabiny, schodki, podesty) | BB6: Ansul | BC6: Okap | BD6: Brama garażowa | BE6: Żaluzje (gastro) | BF6: Bramki antykradzieżowe | BG6: Mycie jednostek klimatyzacji
A7: KRAKÓW | B7: BK1 (Magazyn) | C7: Główny | D7: UDT (wózki widłowe, paleciaki) | E7: 46154 | F7: 12 | G7: =IF(OR(E7="",F7=""),"",DATE(YEAR(E7),MONTH(E7)+F7,DAY(E7))) -> 46519 | H7: =IF(G7="","",IF(G7<TODAY(),"PO TERMINIE",IF(G7<=TODAY()+14,"DO WYKONANIA","OK"))) -> OK | J7: =IF(COUNTA(A7:F7)=0,"",IF(I7="","BRAK PROTOKOŁU","DODANY")) -> BRAK PROTOKOŁU | K7: Nr seryjny - N9712003189 | M7: {=IF($A7="","",IFERROR(TRANSPOSE(_xlfn._xlws.FILTER(Lokale!$C$3:$C$91,Lokale!$B$3:$B$91=$A7)),""))} -> BK3 (Ministore) | N7: BK4 (Ministore NS) | O7: BK2 (Multistore) | P7: BK1 (Magazyn) | Q7: 288 (Dworzec PKP) | R7: Wszystkie lokale | AJ7: {=IF($C7="","",IFERROR(TRANSPOSE(_xlfn._xlws.FILTER(Listy!$D$2:$D$60,Listy!$C$2:$C$60=$C7)),""))} -> Elektryczny (roczny) | AK7: Elektryczny (5-cio letni) | AL7: Systemy PPOŻ | AM7: Gaśnice | AN7: Klimatyzacja | AO7: Alarmy | AP7: Hydranty | AQ7: Rolety | AR7: Wentylacja | AS7: Wymiana filtrów | AT7: Regałów magazynowych | AU7: CRO | AV7: Mroźnia/Chłodnia | AW7: Regały chłodnicze | AX7: Separatory tłuszczu | AY7: Vendingi | AZ7: UDT (wózki widłowe, paleciaki) | BA7: BHP (drabiny, schodki, podesty) | BB7: Ansul | BC7: Okap | BD7: Brama garażowa | BE7: Żaluzje (gastro) | BF7: Bramki antykradzieżowe | BG7: Mycie jednostek klimatyzacji
A8: KRAKÓW | B8: BK1 (Magazyn) | C8: Główny | D8: UDT (wózki widłowe, paleciaki) | E8: 46154 | F8: 12 | G8: =IF(OR(E8="",F8=""),"",DATE(YEAR(E8),MONTH(E8)+F8,DAY(E8))) -> 46519 | H8: =IF(G8="","",IF(G8<TODAY(),"PO TERMINIE",IF(G8<=TODAY()+14,"DO WYKONANIA","OK"))) -> OK | J8: =IF(COUNTA(A8:F8)=0,"",IF(I8="","BRAK PROTOKOŁU","DODANY")) -> BRAK PROTOKOŁU | K8: Nr seryjny - N9712003188 | M8: {=IF($A8="","",IFERROR(TRANSPOSE(_xlfn._xlws.FILTER(Lokale!$C$3:$C$91,Lokale!$B$3:$B$91=$A8)),""))} -> BK3 (Ministore) | N8: BK4 (Ministore NS) | O8: BK2 (Multistore) | P8: BK1 (Magazyn) | Q8: 288 (Dworzec PKP) | R8: Wszystkie lokale | AJ8: {=IF($C8="","",IFERROR(TRANSPOSE(_xlfn._xlws.FILTER(Listy!$D$2:$D$60,Listy!$C$2:$C$60=$C8)),""))} -> Elektryczny (roczny) | AK8: Elektryczny (5-cio letni) | AL8: Systemy PPOŻ | AM8: Gaśnice | AN8: Klimatyzacja | AO8: Alarmy | AP8: Hydranty | AQ8: Rolety | AR8: Wentylacja | AS8: Wymiana filtrów | AT8: Regałów magazynowych | AU8: CRO | AV8: Mroźnia/Chłodnia | AW8: Regały chłodnicze | AX8: Separatory tłuszczu | AY8: Vendingi | AZ8: UDT (wózki widłowe, paleciaki) | BA8: BHP (drabiny, schodki, podesty) | BB8: Ansul | BC8: Okap | BD8: Brama garażowa | BE8: Żaluzje (gastro) | BF8: Bramki antykradzieżowe | BG8: Mycie jednostek klimatyzacji
A9: WARSZAWA | B9: 532 (Magazyn) | C9: Główny | D9: UDT (wózki widłowe, paleciaki) | E9: 46155 | F9: 12 | G9: =IF(OR(E9="",F9=""),"",DATE(YEAR(E9),MONTH(E9)+F9,DAY(E9))) -> 46520 | H9: =IF(G9="","",IF(G9<TODAY(),"PO TERMINIE",IF(G9<=TODAY()+14,"DO WYKONANIA","OK"))) -> OK | J9: =IF(COUNTA(A9:F9)=0,"",IF(I9="","BRAK PROTOKOŁU","DODANY")) -> BRAK PROTOKOŁU | K9: AMC 12, Nr seryjny - N21062048096 | M9: {=IF($A9="","",IFERROR(TRANSPOSE(_xlfn._xlws.FILTER(Lokale!$C$3:$C$91,Lokale!$B$3:$B$91=$A9)),""))} -> 170 (Glamour) | N9: 171 (Starter Dworzec) | O9: 172 (Starter Przyloty) | P9: 173 (LMDL2) | Q9: 174 (Zoom NS) | R9: 175 (Ministore NS) | S9: 176 (Zoom odloty) | T9: 177 (Spirit of Poland) | U9: 178 (Multistore) | V9: 179 (ZOOM) | W9: 180 (Starter odloty) | X9: 181 (Bestseller) | Y9: 182 (Zoom palarnia) | Z9: 183 (LMDL) | AA9: 187 (Zoom NS) | AB9: 208 (PIZZA) | AC9: 532 (Magazyn) | AD9: Wszystkie lokale | AJ9: {=IF($C9="","",IFERROR(TRANSPOSE(_xlfn._xlws.FILTER(Listy!$D$2:$D$60,Listy!$C$2:$C$60=$C9)),""))} -> Elektryczny (roczny) | AK9: Elektryczny (5-cio letni) | AL9: Systemy PPOŻ | AM9: Gaśnice | AN9: Klimatyzacja | AO9: Alarmy | AP9: Hydranty | AQ9: Rolety | AR9: Wentylacja | AS9: Wymiana filtrów | AT9: Regałów magazynowych | AU9: CRO | AV9: Mroźnia/Chłodnia | AW9: Regały chłodnicze | AX9: Separatory tłuszczu | AY9: Vendingi | AZ9: UDT (wózki widłowe, paleciaki) | BA9: BHP (drabiny, schodki, podesty) | BB9: Ansul | BC9: Okap | BD9: Brama garażowa | BE9: Żaluzje (gastro) | BF9: Bramki antykradzieżowe | BG9: Mycie jednostek klimatyzacji
A10: KATOWICE | B10: B51 (Magazyn) | C10: Główny | D10: UDT (wózki widłowe, paleciaki) | E10: 46076 | F10: 12 | G10: =IF(OR(E10="",F10=""),"",DATE(YEAR(E10),MONTH(E10)+F10,DAY(E10))) -> 46441 | H10: =IF(G10="","",IF(G10<TODAY(),"PO TERMINIE",IF(G10<=TODAY()+14,"DO WYKONANIA","OK"))) -> OK | J10: =IF(COUNTA(A10:F10)=0,"",IF(I10="","BRAK PROTOKOŁU","DODANY")) -> BRAK PROTOKOŁU | K10: Samochód - WW392GU | M10: {=IF($A10="","",IFERROR(TRANSPOSE(_xlfn._xlws.FILTER(Lokale!$C$3:$C$91,Lokale!$B$3:$B$91=$A10)),""))} -> B52 (Multistore) | N10: B53 (Glamour) | O10: BA1 (Beauty Shop) | P10: BA2 (Multistore) | Q10: B51 (Magazyn) | R10: 284 (Cavarious) | S10: Wszystkie lokale | AJ10: {=IF($C10="","",IFERROR(TRANSPOSE(_xlfn._xlws.FILTER(Listy!$D$2:$D$60,Listy!$C$2:$C$60=$C10)),""))} -> Elektryczny (roczny) | AK10: Elektryczny (5-cio letni) | AL10: Systemy PPOŻ | AM10: Gaśnice | AN10: Klimatyzacja | AO10: Alarmy | AP10: Hydranty | AQ10: Rolety | AR10: Wentylacja | AS10: Wymiana filtrów | AT10: Regałów magazynowych | AU10: CRO | AV10: Mroźnia/Chłodnia | AW10: Regały chłodnicze | AX10: Separatory tłuszczu | AY10: Vendingi | AZ10: UDT (wózki widłowe, paleciaki) | BA10: BHP (drabiny, schodki, podesty) | BB10: Ansul | BC10: Okap | BD10: Brama garażowa | BE10: Żaluzje (gastro) | BF10: Bramki antykradzieżowe | BG10: Mycie jednostek klimatyzacji
A11: KRAKÓW | B11: BK1 (Magazyn) | C11: Główny | D11: UDT (wózki widłowe, paleciaki) | E11: 46104 | F11: 12 | G11: =IF(OR(E11="",F11=""),"",DATE(YEAR(E11),MONTH(E11)+F11,DAY(E11))) -> 46469 | H11: =IF(G11="","",IF(G11<TODAY(),"PO TERMINIE",IF(G11<=TODAY()+14,"DO WYKONANIA","OK"))) -> OK | J11: =IF(COUNTA(A11:F11)=0,"",IF(I11="","BRAK PROTOKOŁU","DODANY")) -> BRAK PROTOKOŁU | K11: Samochód - WW390GU | M11: {=IF($A11="","",IFERROR(TRANSPOSE(_xlfn._xlws.FILTER(Lokale!$C$3:$C$91,Lokale!$B$3:$B$91=$A11)),""))} -> BK3 (Ministore) | N11: BK4 (Ministore NS) | O11: BK2 (Multistore) | P11: BK1 (Magazyn) | Q11: 288 (Dworzec PKP) | R11: Wszystkie lokale | AJ11: {=IF($C11="","",IFERROR(TRANSPOSE(_xlfn._xlws.FILTER(Listy!$D$2:$D$60,Listy!$C$2:$C$60=$C11)),""))} -> Elektryczny (roczny) | AK11: Elektryczny (5-cio letni) | AL11: Systemy PPOŻ | AM11: Gaśnice | AN11: Klimatyzacja | AO11: Alarmy | AP11: Hydranty | AQ11: Rolety | AR11: Wentylacja | AS11: Wymiana filtrów | AT11: Regałów magazynowych | AU11: CRO | AV11: Mroźnia/Chłodnia | AW11: Regały chłodnicze | AX11: Separatory tłuszczu | AY11: Vendingi | AZ11: UDT (wózki widłowe, paleciaki) | BA11: BHP (drabiny, schodki, podesty) | BB11: Ansul | BC11: Okap | BD11: Brama garażowa | BE11: Żaluzje (gastro) | BF11: Bramki antykradzieżowe | BG11: Mycie jednostek klimatyzacji
A12: KRAKÓW | B12: BK1 (Magazyn) | C12: Główny | D12: UDT (wózki widłowe, paleciaki) | E12: 46070 | F12: 12 | G12: =IF(OR(E12="",F12=""),"",DATE(YEAR(E12),MONTH(E12)+F12,DAY(E12))) -> 46435 | H12: =IF(G12="","",IF(G12<TODAY(),"PO TERMINIE",IF(G12<=TODAY()+14,"DO WYKONANIA","OK"))) -> OK | J12: =IF(COUNTA(A12:F12)=0,"",IF(I12="","BRAK PROTOKOŁU","DODANY")) -> BRAK PROTOKOŁU | K12: Samochód - WW391GU | M12: {=IF($A12="","",IFERROR(TRANSPOSE(_xlfn._xlws.FILTER(Lokale!$C$3:$C$91,Lokale!$B$3:$B$91=$A12)),""))} -> BK3 (Ministore) | N12: BK4 (Ministore NS) | O12: BK2 (Multistore) | P12: BK1 (Magazyn) | Q12: 288 (Dworzec PKP) | R12: Wszystkie lokale | AJ12: {=IF($C12="","",IFERROR(TRANSPOSE(_xlfn._xlws.FILTER(Listy!$D$2:$D$60,Listy!$C$2:$C$60=$C12)),""))} -> Elektryczny (roczny) | AK12: Elektryczny (5-cio letni) | AL12: Systemy PPOŻ | AM12: Gaśnice | AN12: Klimatyzacja | AO12: Alarmy | AP12: Hydranty | AQ12: Rolety | AR12: Wentylacja | AS12: Wymiana filtrów | AT12: Regałów magazynowych | AU12: CRO | AV12: Mroźnia/Chłodnia | AW12: Regały chłodnicze | AX12: Separatory tłuszczu | AY12: Vendingi | AZ12: UDT (wózki widłowe, paleciaki) | BA12: BHP (drabiny, schodki, podesty) | BB12: Ansul | BC12: Okap | BD12: Brama garażowa | BE12: Żaluzje (gastro) | BF12: Bramki antykradzieżowe | BG12: Mycie jednostek klimatyzacji
A13: RADOM | B13: 212 (Cavarious) | C13: Główny | D13: Elektryczny (5-cio letni) | E13: 45568 | F13: 60 | G13: =IF(OR(E13="",F13=""),"",DATE(YEAR(E13),MONTH(E13)+F13,DAY(E13))) -> 47394 | H13: =IF(G13="","",IF(G13<TODAY(),"PO TERMINIE",IF(G13<=TODAY()+14,"DO WYKONANIA","OK"))) -> OK | J13: =IF(COUNTA(A13:F13)=0,"",IF(I13="","BRAK PROTOKOŁU","DODANY")) -> BRAK PROTOKOŁU | M13: {=IF($A13="","",IFERROR(TRANSPOSE(_xlfn._xlws.FILTER(Lokale!$C$3:$C$91,Lokale!$B$3:$B$91=$A13)),""))} -> 212 (Cavarious) | N13: 211 (Travel Chef) | O13: 213 (Cavarious NS) | P13: BR1 (Multistore) | Q13: BR2 (ZOOM) | R13: BR3 (Ministore) | S13: 214 (Bistro) | T13: BR4 (Starter) | U13: Wszystkie lokale | AJ13: {=IF($C13="","",IFERROR(TRANSPOSE(_xlfn._xlws.FILTER(Listy!$D$2:$D$60,Listy!$C$2:$C$60=$C13)),""))} -> Elektryczny (roczny) | AK13: Elektryczny (5-cio letni) | AL13: Systemy PPOŻ | AM13: Gaśnice | AN13: Klimatyzacja | AO13: Alarmy | AP13: Hydranty | AQ13: Rolety | AR13: Wentylacja | AS13: Wymiana filtrów | AT13: Regałów magazynowych | AU13: CRO | AV13: Mroźnia/Chłodnia | AW13: Regały chłodnicze | AX13: Separatory tłuszczu | AY13: Vendingi | AZ13: UDT (wózki widłowe, paleciaki) | BA13: BHP (drabiny, schodki, podesty) | BB13: Ansul | BC13: Okap | BD13: Brama garażowa | BE13: Żaluzje (gastro) | BF13: Bramki antykradzieżowe | BG13: Mycie jednostek klimatyzacji
A14: RADOM | B14: BR1 (Multistore) | C14: Główny | D14: Elektryczny (5-cio letni) | E14: 45568 | F14: 60 | G14: =IF(OR(E14="",F14=""),"",DATE(YEAR(E14),MONTH(E14)+F14,DAY(E14))) -> 47394 | H14: =IF(G14="","",IF(G14<TODAY(),"PO TERMINIE",IF(G14<=TODAY()+14,"DO WYKONANIA","OK"))) -> OK | J14: =IF(COUNTA(A14:F14)=0,"",IF(I14="","BRAK PROTOKOŁU","DODANY")) -> BRAK PROTOKOŁU | M14: {=IF($A14="","",IFERROR(TRANSPOSE(_xlfn._xlws.FILTER(Lokale!$C$3:$C$91,Lokale!$B$3:$B$91=$A14)),""))} -> 212 (Cavarious) | N14: 211 (Travel Chef) | O14: 213 (Cavarious NS) | P14: BR1 (Multistore) | Q14: BR2 (ZOOM) | R14: BR3 (Ministore) | S14: 214 (Bistro) | T14: BR4 (Starter) | U14: Wszystkie lokale | AJ14: {=IF($C14="","",IFERROR(TRANSPOSE(_xlfn._xlws.FILTER(Listy!$D$2:$D$60,Listy!$C$2:$C$60=$C14)),""))} -> Elektryczny (roczny) | AK14: Elektryczny (5-cio letni) | AL14: Systemy PPOŻ | AM14: Gaśnice | AN14: Klimatyzacja | AO14: Alarmy | AP14: Hydranty | AQ14: Rolety | AR14: Wentylacja | AS14: Wymiana filtrów | AT14: Regałów magazynowych | AU14: CRO | AV14: Mroźnia/Chłodnia | AW14: Regały chłodnicze | AX14: Separatory tłuszczu | AY14: Vendingi | AZ14: UDT (wózki widłowe, paleciaki) | BA14: BHP (drabiny, schodki, podesty) | BB14: Ansul | BC14: Okap | BD14: Brama garażowa | BE14: Żaluzje (gastro) | BF14: Bramki antykradzieżowe | BG14: Mycie jednostek klimatyzacji
A15: RADOM | B15: BR2 (ZOOM) | C15: Główny | D15: Elektryczny (5-cio letni) | E15: 45568 | F15: 60 | G15: =IF(OR(E15="",F15=""),"",DATE(YEAR(E15),MONTH(E15)+F15,DAY(E15))) -> 47394 | H15: =IF(G15="","",IF(G15<TODAY(),"PO TERMINIE",IF(G15<=TODAY()+14,"DO WYKONANIA","OK"))) -> OK | J15: =IF(COUNTA(A15:F15)=0,"",IF(I15="","BRAK PROTOKOŁU","DODANY")) -> BRAK PROTOKOŁU | M15: {=IF($A15="","",IFERROR(TRANSPOSE(_xlfn._xlws.FILTER(Lokale!$C$3:$C$91,Lokale!$B$3:$B$91=$A15)),""))} -> 212 (Cavarious) | N15: 211 (Travel Chef) | O15: 213 (Cavarious NS) | P15: BR1 (Multistore) | Q15: BR2 (ZOOM) | R15: BR3 (Ministore) | S15: 214 (Bistro) | T15: BR4 (Starter) | U15: Wszystkie lokale | AJ15: {=IF($C15="","",IFERROR(TRANSPOSE(_xlfn._xlws.FILTER(Listy!$D$2:$D$60,Listy!$C$2:$C$60=$C15)),""))} -> Elektryczny (roczny) | AK15: Elektryczny (5-cio letni) | AL15: Systemy PPOŻ | AM15: Gaśnice | AN15: Klimatyzacja | AO15: Alarmy | AP15: Hydranty | AQ15: Rolety | AR15: Wentylacja | AS15: Wymiana filtrów | AT15: Regałów magazynowych | AU15: CRO | AV15: Mroźnia/Chłodnia | AW15: Regały chłodnicze | AX15: Separatory tłuszczu | AY15: Vendingi | AZ15: UDT (wózki widłowe, paleciaki) | BA15: BHP (drabiny, schodki, podesty) | BB15: Ansul | BC15: Okap | BD15: Brama garażowa | BE15: Żaluzje (gastro) | BF15: Bramki antykradzieżowe | BG15: Mycie jednostek klimatyzacji
A16: RADOM | B16: BR3 (Ministore) | C16: Główny | D16: Elektryczny (5-cio letni) | E16: 45568 | F16: 60 | G16: =IF(OR(E16="",F16=""),"",DATE(YEAR(E16),MONTH(E16)+F16,DAY(E16))) -> 47394 | H16: =IF(G16="","",IF(G16<TODAY(),"PO TERMINIE",IF(G16<=TODAY()+14,"DO WYKONANIA","OK"))) -> OK | J16: =IF(COUNTA(A16:F16)=0,"",IF(I16="","BRAK PROTOKOŁU","DODANY")) -> BRAK PROTOKOŁU | M16: {=IF($A16="","",IFERROR(TRANSPOSE(_xlfn._xlws.FILTER(Lokale!$C$3:$C$91,Lokale!$B$3:$B$91=$A16)),""))} -> 212 (Cavarious) | N16: 211 (Travel Chef) | O16: 213 (Cavarious NS) | P16: BR1 (Multistore) | Q16: BR2 (ZOOM) | R16: BR3 (Ministore) | S16: 214 (Bistro) | T16: BR4 (Starter) | U16: Wszystkie lokale | AJ16: {=IF($C16="","",IFERROR(TRANSPOSE(_xlfn._xlws.FILTER(Listy!$D$2:$D$60,Listy!$C$2:$C$60=$C16)),""))} -> Elektryczny (roczny) | AK16: Elektryczny (5-cio letni) | AL16: Systemy PPOŻ | AM16: Gaśnice | AN16: Klimatyzacja | AO16: Alarmy | AP16: Hydranty | AQ16: Rolety | AR16: Wentylacja | AS16: Wymiana filtrów | AT16: Regałów magazynowych | AU16: CRO | AV16: Mroźnia/Chłodnia | AW16: Regały chłodnicze | AX16: Separatory tłuszczu | AY16: Vendingi | AZ16: UDT (wózki widłowe, paleciaki) | BA16: BHP (drabiny, schodki, podesty) | BB16: Ansul | BC16: Okap | BD16: Brama garażowa | BE16: Żaluzje (gastro) | BF16: Bramki antykradzieżowe | BG16: Mycie jednostek klimatyzacji
A17: RADOM | B17: 211 (Travel Chef) | C17: Główny | D17: Elektryczny (5-cio letni) | E17: 45568 | F17: 60 | G17: =IF(OR(E17="",F17=""),"",DATE(YEAR(E17),MONTH(E17)+F17,DAY(E17))) -> 47394 | H17: =IF(G17="","",IF(G17<TODAY(),"PO TERMINIE",IF(G17<=TODAY()+14,"DO WYKONANIA","OK"))) -> OK | J17: =IF(COUNTA(A17:F17)=0,"",IF(I17="","BRAK PROTOKOŁU","DODANY")) -> BRAK PROTOKOŁU | M17: {=IF($A17="","",IFERROR(TRANSPOSE(_xlfn._xlws.FILTER(Lokale!$C$3:$C$91,Lokale!$B$3:$B$91=$A17)),""))} -> 212 (Cavarious) | N17: 211 (Travel Chef) | O17: 213 (Cavarious NS) | P17: BR1 (Multistore) | Q17: BR2 (ZOOM) | R17: BR3 (Ministore) | S17: 214 (Bistro) | T17: BR4 (Starter) | U17: Wszystkie lokale | AJ17: {=IF($C17="","",IFERROR(TRANSPOSE(_xlfn._xlws.FILTER(Listy!$D$2:$D$60,Listy!$C$2:$C$60=$C17)),""))} -> Elektryczny (roczny) | AK17: Elektryczny (5-cio letni) | AL17: Systemy PPOŻ | AM17: Gaśnice | AN17: Klimatyzacja | AO17: Alarmy | AP17: Hydranty | AQ17: Rolety | AR17: Wentylacja | AS17: Wymiana filtrów | AT17: Regałów magazynowych | AU17: CRO | AV17: Mroźnia/Chłodnia | AW17: Regały chłodnicze | AX17: Separatory tłuszczu | AY17: Vendingi | AZ17: UDT (wózki widłowe, paleciaki) | BA17: BHP (drabiny, schodki, podesty) | BB17: Ansul | BC17: Okap | BD17: Brama garażowa | BE17: Żaluzje (gastro) | BF17: Bramki antykradzieżowe | BG17: Mycie jednostek klimatyzacji
A18: RADOM | B18: BR4 (Starter) | C18: Główny | D18: Elektryczny (5-cio letni) | E18: 45568 | F18: 60 | G18: =IF(OR(E18="",F18=""),"",DATE(YEAR(E18),MONTH(E18)+F18,DAY(E18))) -> 47394 | H18: =IF(G18="","",IF(G18<TODAY(),"PO TERMINIE",IF(G18<=TODAY()+14,"DO WYKONANIA","OK"))) -> OK | J18: =IF(COUNTA(A18:F18)=0,"",IF(I18="","BRAK PROTOKOŁU","DODANY")) -> BRAK PROTOKOŁU | M18: {=IF($A18="","",IFERROR(TRANSPOSE(_xlfn._xlws.FILTER(Lokale!$C$3:$C$91,Lokale!$B$3:$B$91=$A18)),""))} -> 212 (Cavarious) | N18: 211 (Travel Chef) | O18: 213 (Cavarious NS) | P18: BR1 (Multistore) | Q18: BR2 (ZOOM) | R18: BR3 (Ministore) | S18: 214 (Bistro) | T18: BR4 (Starter) | U18: Wszystkie lokale | AJ18: {=IF($C18="","",IFERROR(TRANSPOSE(_xlfn._xlws.FILTER(Listy!$D$2:$D$60,Listy!$C$2:$C$60=$C18)),""))} -> Elektryczny (roczny) | AK18: Elektryczny (5-cio letni) | AL18: Systemy PPOŻ | AM18: Gaśnice | AN18: Klimatyzacja | AO18: Alarmy | AP18: Hydranty | AQ18: Rolety | AR18: Wentylacja | AS18: Wymiana filtrów | AT18: Regałów magazynowych | AU18: CRO | AV18: Mroźnia/Chłodnia | AW18: Regały chłodnicze | AX18: Separatory tłuszczu | AY18: Vendingi | AZ18: UDT (wózki widłowe, paleciaki) | BA18: BHP (drabiny, schodki, podesty) | BB18: Ansul | BC18: Okap | BD18: Brama garażowa | BE18: Żaluzje (gastro) | BF18: Bramki antykradzieżowe | BG18: Mycie jednostek klimatyzacji
G19: =IF(OR(E19="",F19=""),"",DATE(YEAR(E19),MONTH(E19)+F19,DAY(E19))) | H19: =IF(G19="","",IF(G19<TODAY(),"PO TERMINIE",IF(G19<=TODAY()+14,"DO WYKONANIA","OK"))) | J19: =IF(COUNTA(A19:F183)=0,"",IF(#REF!="","BRAK PROTOKOŁU","DODANY")) -> #REF! | M19: {=IF($A19="","",IFERROR(TRANSPOSE(_xlfn._xlws.FILTER(Lokale!$C$3:$C$91,Lokale!$B$3:$B$91=$A19)),""))} | AJ19: {=IF($C19="","",IFERROR(TRANSPOSE(_xlfn._xlws.FILTER(Listy!$D$2:$D$60,Listy!$C$2:$C$60=$C19)),""))}
A20: WARSZAWA | B20: 208 (PIZZA) | C20: Główny | D20: Elektryczny (roczny) | E20: 46162 | F20: 12 | G20: =IF(OR(E20="",F20=""),"",DATE(YEAR(E20),MONTH(E20)+F20,DAY(E20))) -> 46527 | H20: =IF(G20="","",IF(G20<TODAY(),"PO TERMINIE",IF(G20<=TODAY()+14,"DO WYKONANIA","OK"))) -> OK | J20: =IF(COUNTA(A20:F183)=0,"",IF(#REF!="","BRAK PROTOKOŁU","DODANY")) -> #REF! | M20: {=IF($A20="","",IFERROR(TRANSPOSE(_xlfn._xlws.FILTER(Lokale!$C$3:$C$91,Lokale!$B$3:$B$91=$A20)),""))} -> 170 (Glamour) | N20: 171 (Starter Dworzec) | O20: 172 (Starter Przyloty) | P20: 173 (LMDL2) | Q20: 174 (Zoom NS) | R20: 175 (Ministore NS) | S20: 176 (Zoom odloty) | T20: 177 (Spirit of Poland) | U20: 178 (Multistore) | V20: 179 (ZOOM) | W20: 180 (Starter odloty) | X20: 181 (Bestseller) | Y20: 182 (Zoom palarnia) | Z20: 183 (LMDL) | AA20: 187 (Zoom NS) | AB20: 208 (PIZZA) | AC20: 532 (Magazyn) | AD20: Wszystkie lokale | AJ20: {=IF($C20="","",IFERROR(TRANSPOSE(_xlfn._xlws.FILTER(Listy!$D$2:$D$60,Listy!$C$2:$C$60=$C20)),""))} -> Elektryczny (roczny) | AK20: Elektryczny (5-cio letni) | AL20: Systemy PPOŻ | AM20: Gaśnice | AN20: Klimatyzacja | AO20: Alarmy | AP20: Hydranty | AQ20: Rolety | AR20: Wentylacja | AS20: Wymiana filtrów | AT20: Regałów magazynowych | AU20: CRO | AV20: Mroźnia/Chłodnia | AW20: Regały chłodnicze | AX20: Separatory tłuszczu | AY20: Vendingi | AZ20: UDT (wózki widłowe, paleciaki) | BA20: BHP (drabiny, schodki, podesty) | BB20: Ansul | BC20: Okap | BD20: Brama garażowa | BE20: Żaluzje (gastro) | BF20: Bramki antykradzieżowe | BG20: Mycie jednostek klimatyzacji
A21: WARSZAWA | B21: 208 (PIZZA) | C21: Główny | D21: Elektryczny (5-cio letni) | E21: 45432 | F21: 60 | G21: =IF(OR(E21="",F21=""),"",DATE(YEAR(E21),MONTH(E21)+F21,DAY(E21))) -> 47258 | H21: =IF(G21="","",IF(G21<TODAY(),"PO TERMINIE",IF(G21<=TODAY()+14,"DO WYKONANIA","OK"))) -> OK | J21: =IF(COUNTA(A21:F183)=0,"",IF(#REF!="","BRAK PROTOKOŁU","DODANY")) -> #REF! | M21: {=IF($A21="","",IFERROR(TRANSPOSE(_xlfn._xlws.FILTER(Lokale!$C$3:$C$91,Lokale!$B$3:$B$91=$A21)),""))} -> 170 (Glamour) | N21: 171 (Starter Dworzec) | O21: 172 (Starter Przyloty) | P21: 173 (LMDL2) | Q21: 174 (Zoom NS) | R21: 175 (Ministore NS) | S21: 176 (Zoom odloty) | T21: 177 (Spirit of Poland) | U21: 178 (Multistore) | V21: 179 (ZOOM) | W21: 180 (Starter odloty) | X21: 181 (Bestseller) | Y21: 182 (Zoom palarnia) | Z21: 183 (LMDL) | AA21: 187 (Zoom NS) | AB21: 208 (PIZZA) | AC21: 532 (Magazyn) | AD21: Wszystkie lokale | AJ21: {=IF($C21="","",IFERROR(TRANSPOSE(_xlfn._xlws.FILTER(Listy!$D$2:$D$60,Listy!$C$2:$C$60=$C21)),""))} -> Elektryczny (roczny) | AK21: Elektryczny (5-cio letni) | AL21: Systemy PPOŻ | AM21: Gaśnice | AN21: Klimatyzacja | AO21: Alarmy | AP21: Hydranty | AQ21: Rolety | AR21: Wentylacja | AS21: Wymiana filtrów | AT21: Regałów magazynowych | AU21: CRO | AV21: Mroźnia/Chłodnia | AW21: Regały chłodnicze | AX21: Separatory tłuszczu | AY21: Vendingi | AZ21: UDT (wózki widłowe, paleciaki) | BA21: BHP (drabiny, schodki, podesty) | BB21: Ansul | BC21: Okap | BD21: Brama garażowa | BE21: Żaluzje (gastro) | BF21: Bramki antykradzieżowe | BG21: Mycie jednostek klimatyzacji
A22: WARSZAWA | B22: 208 (PIZZA) | C22: Główny | D22: Wentylacja | E22: 46213 | F22: 12 | G22: =IF(OR(E22="",F22=""),"",DATE(YEAR(E22),MONTH(E22)+F22,DAY(E22))) -> 46578 | H22: =IF(G22="","",IF(G22<TODAY(),"PO TERMINIE",IF(G22<=TODAY()+14,"DO WYKONANIA","OK"))) -> OK | J22: =IF(COUNTA(A22:F183)=0,"",IF(#REF!="","BRAK PROTOKOŁU","DODANY")) -> #REF! | M22: {=IF($A22="","",IFERROR(TRANSPOSE(_xlfn._xlws.FILTER(Lokale!$C$3:$C$91,Lokale!$B$3:$B$91=$A22)),""))} -> 170 (Glamour) | N22: 171 (Starter Dworzec) | O22: 172 (Starter Przyloty) | P22: 173 (LMDL2) | Q22: 174 (Zoom NS) | R22: 175 (Ministore NS) | S22: 176 (Zoom odloty) | T22: 177 (Spirit of Poland) | U22: 178 (Multistore) | V22: 179 (ZOOM) | W22: 180 (Starter odloty) | X22: 181 (Bestseller) | Y22: 182 (Zoom palarnia) | Z22: 183 (LMDL) | AA22: 187 (Zoom NS) | AB22: 208 (PIZZA) | AC22: 532 (Magazyn) | AD22: Wszystkie lokale | AJ22: {=IF($C22="","",IFERROR(TRANSPOSE(_xlfn._xlws.FILTER(Listy!$D$2:$D$60,Listy!$C$2:$C$60=$C22)),""))} -> Elektryczny (roczny) | AK22: Elektryczny (5-cio letni) | AL22: Systemy PPOŻ | AM22: Gaśnice | AN22: Klimatyzacja | AO22: Alarmy | AP22: Hydranty | AQ22: Rolety | AR22: Wentylacja | AS22: Wymiana filtrów | AT22: Regałów magazynowych | AU22: CRO | AV22: Mroźnia/Chłodnia | AW22: Regały chłodnicze | AX22: Separatory tłuszczu | AY22: Vendingi | AZ22: UDT (wózki widłowe, paleciaki) | BA22: BHP (drabiny, schodki, podesty) | BB22: Ansul | BC22: Okap | BD22: Brama garażowa | BE22: Żaluzje (gastro) | BF22: Bramki antykradzieżowe | BG22: Mycie jednostek klimatyzacji
A23: WARSZAWA | B23: 208 (PIZZA) | C23: Główny | D23: Rolety | E23: 45870 | F23: 12 | G23: =IF(OR(E23="",F23=""),"",DATE(YEAR(E23),MONTH(E23)+F23,DAY(E23))) -> 46235 | H23: =IF(G23="","",IF(G23<TODAY(),"PO TERMINIE",IF(G23<=TODAY()+14,"DO WYKONANIA","OK"))) -> DO WYKONANIA | J23: =IF(COUNTA(A23:F183)=0,"",IF(#REF!="","BRAK PROTOKOŁU","DODANY")) -> #REF! | M23: {=IF($A23="","",IFERROR(TRANSPOSE(_xlfn._xlws.FILTER(Lokale!$C$3:$C$91,Lokale!$B$3:$B$91=$A23)),""))} -> 170 (Glamour) | N23: 171 (Starter Dworzec) | O23: 172 (Starter Przyloty) | P23: 173 (LMDL2) | Q23: 174 (Zoom NS) | R23: 175 (Ministore NS) | S23: 176 (Zoom odloty) | T23: 177 (Spirit of Poland) | U23: 178 (Multistore) | V23: 179 (ZOOM) | W23: 180 (Starter odloty) | X23: 181 (Bestseller) | Y23: 182 (Zoom palarnia) | Z23: 183 (LMDL) | AA23: 187 (Zoom NS) | AB23: 208 (PIZZA) | AC23: 532 (Magazyn) | AD23: Wszystkie lokale | AJ23: {=IF($C23="","",IFERROR(TRANSPOSE(_xlfn._xlws.FILTER(Listy!$D$2:$D$60,Listy!$C$2:$C$60=$C23)),""))} -> Elektryczny (roczny) | AK23: Elektryczny (5-cio letni) | AL23: Systemy PPOŻ | AM23: Gaśnice | AN23: Klimatyzacja | AO23: Alarmy | AP23: Hydranty | AQ23: Rolety | AR23: Wentylacja | AS23: Wymiana filtrów | AT23: Regałów magazynowych | AU23: CRO | AV23: Mroźnia/Chłodnia | AW23: Regały chłodnicze | AX23: Separatory tłuszczu | AY23: Vendingi | AZ23: UDT (wózki widłowe, paleciaki) | BA23: BHP (drabiny, schodki, podesty) | BB23: Ansul | BC23: Okap | BD23: Brama garażowa | BE23: Żaluzje (gastro) | BF23: Bramki antykradzieżowe | BG23: Mycie jednostek klimatyzacji
A24: WARSZAWA | B24: 208 (PIZZA) | C24: Główny | D24: Gaśnice | E24: 46054 | F24: 12 | G24: =IF(OR(E24="",F24=""),"",DATE(YEAR(E24),MONTH(E24)+F24,DAY(E24))) -> 46419 | H24: =IF(G24="","",IF(G24<TODAY(),"PO TERMINIE",IF(G24<=TODAY()+14,"DO WYKONANIA","OK"))) -> OK | J24: =IF(COUNTA(A24:F183)=0,"",IF(#REF!="","BRAK PROTOKOŁU","DODANY")) -> #REF! | M24: {=IF($A24="","",IFERROR(TRANSPOSE(_xlfn._xlws.FILTER(Lokale!$C$3:$C$91,Lokale!$B$3:$B$91=$A24)),""))} -> 170 (Glamour) | N24: 171 (Starter Dworzec) | O24: 172 (Starter Przyloty) | P24: 173 (LMDL2) | Q24: 174 (Zoom NS) | R24: 175 (Ministore NS) | S24: 176 (Zoom odloty) | T24: 177 (Spirit of Poland) | U24: 178 (Multistore) | V24: 179 (ZOOM) | W24: 180 (Starter odloty) | X24: 181 (Bestseller) | Y24: 182 (Zoom palarnia) | Z24: 183 (LMDL) | AA24: 187 (Zoom NS) | AB24: 208 (PIZZA) | AC24: 532 (Magazyn) | AD24: Wszystkie lokale | AJ24: {=IF($C24="","",IFERROR(TRANSPOSE(_xlfn._xlws.FILTER(Listy!$D$2:$D$60,Listy!$C$2:$C$60=$C24)),""))} -> Elektryczny (roczny) | AK24: Elektryczny (5-cio letni) | AL24: Systemy PPOŻ | AM24: Gaśnice | AN24: Klimatyzacja | AO24: Alarmy | AP24: Hydranty | AQ24: Rolety | AR24: Wentylacja | AS24: Wymiana filtrów | AT24: Regałów magazynowych | AU24: CRO | AV24: Mroźnia/Chłodnia | AW24: Regały chłodnicze | AX24: Separatory tłuszczu | AY24: Vendingi | AZ24: UDT (wózki widłowe, paleciaki) | BA24: BHP (drabiny, schodki, podesty) | BB24: Ansul | BC24: Okap | BD24: Brama garażowa | BE24: Żaluzje (gastro) | BF24: Bramki antykradzieżowe | BG24: Mycie jednostek klimatyzacji
A25: WARSZAWA | B25: 208 (PIZZA) | C25: Poboczny | D25: Sprawdzenie pompy odpływowej | E25: 46204 | F25: 2 | G25: =IF(OR(E25="",F25=""),"",DATE(YEAR(E25),MONTH(E25)+F25,DAY(E25))) -> 46266 | H25: =IF(G25="","",IF(G25<TODAY(),"PO TERMINIE",IF(G25<=TODAY()+14,"DO WYKONANIA","OK"))) -> OK | J25: =IF(COUNTA(A25:F183)=0,"",IF(#REF!="","BRAK PROTOKOŁU","DODANY")) -> #REF! | M25: {=IF($A25="","",IFERROR(TRANSPOSE(_xlfn._xlws.FILTER(Lokale!$C$3:$C$91,Lokale!$B$3:$B$91=$A25)),""))} -> 170 (Glamour) | N25: 171 (Starter Dworzec) | O25: 172 (Starter Przyloty) | P25: 173 (LMDL2) | Q25: 174 (Zoom NS) | R25: 175 (Ministore NS) | S25: 176 (Zoom odloty) | T25: 177 (Spirit of Poland) | U25: 178 (Multistore) | V25: 179 (ZOOM) | W25: 180 (Starter odloty) | X25: 181 (Bestseller) | Y25: 182 (Zoom palarnia) | Z25: 183 (LMDL) | AA25: 187 (Zoom NS) | AB25: 208 (PIZZA) | AC25: 532 (Magazyn) | AD25: Wszystkie lokale | AJ25: {=IF($C25="","",IFERROR(TRANSPOSE(_xlfn._xlws.FILTER(Listy!$D$2:$D$60,Listy!$C$2:$C$60=$C25)),""))} -> Klamki na kod | AK25: Oświetlenie | AL25: Drzwi przeciwpożarowe | AM25: Drzwi na zaplecze | AN25: Systemy multmedialne | AO25: Posadzki, wykładziny | AP25: Kontrola kurzu | AQ25: Light boxy | AR25: Floorboxy | AS25: Meble | AT25: Szyby | AU25: Lampy owadobójcze | AV25: Samochody | AW25: Windy w samochodach | AX25: Sprawdzenie pompy odpływowej
A26: WARSZAWA | B26: 208 (PIZZA) | C26: Poboczny | D26: Oświetlenie | E26: 46204 | F26: 1 | G26: =IF(OR(E26="",F26=""),"",DATE(YEAR(E26),MONTH(E26)+F26,DAY(E26))) -> 46235 | H26: =IF(G26="","",IF(G26<TODAY(),"PO TERMINIE",IF(G26<=TODAY()+14,"DO WYKONANIA","OK"))) -> DO WYKONANIA | J26: =IF(COUNTA(A26:F183)=0,"",IF(#REF!="","BRAK PROTOKOŁU","DODANY")) -> #REF! | M26: {=IF($A26="","",IFERROR(TRANSPOSE(_xlfn._xlws.FILTER(Lokale!$C$3:$C$91,Lokale!$B$3:$B$91=$A26)),""))} -> 170 (Glamour) | N26: 171 (Starter Dworzec) | O26: 172 (Starter Przyloty) | P26: 173 (LMDL2) | Q26: 174 (Zoom NS) | R26: 175 (Ministore NS) | S26: 176 (Zoom odloty) | T26: 177 (Spirit of Poland) | U26: 178 (Multistore) | V26: 179 (ZOOM) | W26: 180 (Starter odloty) | X26: 181 (Bestseller) | Y26: 182 (Zoom palarnia) | Z26: 183 (LMDL) | AA26: 187 (Zoom NS) | AB26: 208 (PIZZA) | AC26: 532 (Magazyn) | AD26: Wszystkie lokale | AJ26: {=IF($C26="","",IFERROR(TRANSPOSE(_xlfn._xlws.FILTER(Listy!$D$2:$D$60,Listy!$C$2:$C$60=$C26)),""))} -> Klamki na kod | AK26: Oświetlenie | AL26: Drzwi przeciwpożarowe | AM26: Drzwi na zaplecze | AN26: Systemy multmedialne | AO26: Posadzki, wykładziny | AP26: Kontrola kurzu | AQ26: Light boxy | AR26: Floorboxy | AS26: Meble | AT26: Szyby | AU26: Lampy owadobójcze | AV26: Samochody | AW26: Windy w samochodach | AX26: Sprawdzenie pompy odpływowej
G27: =IF(OR(E27="",F27=""),"",DATE(YEAR(E27),MONTH(E27)+F27,DAY(E27))) | H27: =IF(G27="","",IF(G27<TODAY(),"PO TERMINIE",IF(G27<=TODAY()+14,"DO WYKONANIA","OK"))) | J27: =IF(COUNTA(A27:F178)=0,"",IF(#REF!="","BRAK PROTOKOŁU","DODANY")) -> #REF!
A28: WARSZAWA | B28: 177 (Spirit of Poland) | C28: Główny | D28: Elektryczny (roczny) | E28: 46093 | F28: 12 | G28: =IF(OR(E28="",F28=""),"",DATE(YEAR(E28),MONTH(E28)+F28,DAY(E28))) -> 46458 | H28: =IF(G28="","",IF(G28<TODAY(),"PO TERMINIE",IF(G28<=TODAY()+14,"DO WYKONANIA","OK"))) -> OK | J28: =IF(COUNTA(A28:F136)=0,"",IF(#REF!="","BRAK PROTOKOŁU","DODANY")) -> #REF! | M28: {=IF($A28="","",IFERROR(TRANSPOSE(_xlfn._xlws.FILTER(Lokale!$C$3:$C$91,Lokale!$B$3:$B$91=$A28)),""))} -> 170 (Glamour) | N28: 171 (Starter Dworzec) | O28: 172 (Starter Przyloty) | P28: 173 (LMDL2) | Q28: 174 (Zoom NS) | R28: 175 (Ministore NS) | S28: 176 (Zoom odloty) | T28: 177 (Spirit of Poland) | U28: 178 (Multistore) | V28: 179 (ZOOM) | W28: 180 (Starter odloty) | X28: 181 (Bestseller) | Y28: 182 (Zoom palarnia) | Z28: 183 (LMDL) | AA28: 187 (Zoom NS) | AB28: 208 (PIZZA) | AC28: 532 (Magazyn) | AD28: Wszystkie lokale | AJ28: {=IF($C28="","",IFERROR(TRANSPOSE(_xlfn._xlws.FILTER(Listy!$D$2:$D$60,Listy!$C$2:$C$60=$C28)),""))} -> Elektryczny (roczny) | AK28: Elektryczny (5-cio letni) | AL28: Systemy PPOŻ | AM28: Gaśnice | AN28: Klimatyzacja | AO28: Alarmy | AP28: Hydranty | AQ28: Rolety | AR28: Wentylacja | AS28: Wymiana filtrów | AT28: Regałów magazynowych | AU28: CRO | AV28: Mroźnia/Chłodnia | AW28: Regały chłodnicze | AX28: Separatory tłuszczu | AY28: Vendingi | AZ28: UDT (wózki widłowe, paleciaki) | BA28: BHP (drabiny, schodki, podesty) | BB28: Ansul | BC28: Okap | BD28: Brama garażowa | BE28: Żaluzje (gastro) | BF28: Bramki antykradzieżowe | BG28: Mycie jednostek klimatyzacji
A29: WARSZAWA | B29: 177 (Spirit of Poland) | C29: Główny | D29: Elektryczny (5-cio letni) | E29: 44997 | F29: 60 | G29: =IF(OR(E29="",F29=""),"",DATE(YEAR(E29),MONTH(E29)+F29,DAY(E29))) -> 46824 | H29: =IF(G29="","",IF(G29<TODAY(),"PO TERMINIE",IF(G29<=TODAY()+14,"DO WYKONANIA","OK"))) -> OK | J29: =IF(COUNTA(A29:F137)=0,"",IF(#REF!="","BRAK PROTOKOŁU","DODANY")) -> #REF! | M29: {=IF($A29="","",IFERROR(TRANSPOSE(_xlfn._xlws.FILTER(Lokale!$C$3:$C$91,Lokale!$B$3:$B$91=$A29)),""))} -> 170 (Glamour) | N29: 171 (Starter Dworzec) | O29: 172 (Starter Przyloty) | P29: 173 (LMDL2) | Q29: 174 (Zoom NS) | R29: 175 (Ministore NS) | S29: 176 (Zoom odloty) | T29: 177 (Spirit of Poland) | U29: 178 (Multistore) | V29: 179 (ZOOM) | W29: 180 (Starter odloty) | X29: 181 (Bestseller) | Y29: 182 (Zoom palarnia) | Z29: 183 (LMDL) | AA29: 187 (Zoom NS) | AB29: 208 (PIZZA) | AC29: 532 (Magazyn) | AD29: Wszystkie lokale | AJ29: {=IF($C29="","",IFERROR(TRANSPOSE(_xlfn._xlws.FILTER(Listy!$D$2:$D$60,Listy!$C$2:$C$60=$C29)),""))} -> Elektryczny (roczny) | AK29: Elektryczny (5-cio letni) | AL29: Systemy PPOŻ | AM29: Gaśnice | AN29: Klimatyzacja | AO29: Alarmy | AP29: Hydranty | AQ29: Rolety | AR29: Wentylacja | AS29: Wymiana filtrów | AT29: Regałów magazynowych | AU29: CRO | AV29: Mroźnia/Chłodnia | AW29: Regały chłodnicze | AX29: Separatory tłuszczu | AY29: Vendingi | AZ29: UDT (wózki widłowe, paleciaki) | BA29: BHP (drabiny, schodki, podesty) | BB29: Ansul | BC29: Okap | BD29: Brama garażowa | BE29: Żaluzje (gastro) | BF29: Bramki antykradzieżowe | BG29: Mycie jednostek klimatyzacji
A30: WARSZAWA | B30: 177 (Spirit of Poland) | C30: Główny | D30: Gaśnice | E30: 46176 | F30: 12 | G30: =IF(OR(E30="",F30=""),"",DATE(YEAR(E30),MONTH(E30)+F30,DAY(E30))) -> 46541 | H30: =IF(G30="","",IF(G30<TODAY(),"PO TERMINIE",IF(G30<=TODAY()+14,"DO WYKONANIA","OK"))) -> OK | J30: =IF(COUNTA(A30:F139)=0,"",IF(#REF!="","BRAK PROTOKOŁU","DODANY")) -> #REF! | M30: {=IF($A30="","",IFERROR(TRANSPOSE(_xlfn._xlws.FILTER(Lokale!$C$3:$C$91,Lokale!$B$3:$B$91=$A30)),""))} -> 170 (Glamour) | N30: 171 (Starter Dworzec) | O30: 172 (Starter Przyloty) | P30: 173 (LMDL2) | Q30: 174 (Zoom NS) | R30: 175 (Ministore NS) | S30: 176 (Zoom odloty) | T30: 177 (Spirit of Poland) | U30: 178 (Multistore) | V30: 179 (ZOOM) | W30: 180 (Starter odloty) | X30: 181 (Bestseller) | Y30: 182 (Zoom palarnia) | Z30: 183 (LMDL) | AA30: 187 (Zoom NS) | AB30: 208 (PIZZA) | AC30: 532 (Magazyn) | AD30: Wszystkie lokale | AJ30: {=IF($C30="","",IFERROR(TRANSPOSE(_xlfn._xlws.FILTER(Listy!$D$2:$D$60,Listy!$C$2:$C$60=$C30)),""))} -> Elektryczny (roczny) | AK30: Elektryczny (5-cio letni) | AL30: Systemy PPOŻ | AM30: Gaśnice | AN30: Klimatyzacja | AO30: Alarmy | AP30: Hydranty | AQ30: Rolety | AR30: Wentylacja | AS30: Wymiana filtrów | AT30: Regałów magazynowych | AU30: CRO | AV30: Mroźnia/Chłodnia | AW30: Regały chłodnicze | AX30: Separatory tłuszczu | AY30: Vendingi | AZ30: UDT (wózki widłowe, paleciaki) | BA30: BHP (drabiny, schodki, podesty) | BB30: Ansul | BC30: Okap | BD30: Brama garażowa | BE30: Żaluzje (gastro) | BF30: Bramki antykradzieżowe | BG30: Mycie jednostek klimatyzacji
A31: WARSZAWA | B31: 177 (Spirit of Poland) | C31: Główny | D31: Klimatyzacja | E31: 46192 | F31: 3 | G31: =IF(OR(E31="",F31=""),"",DATE(YEAR(E31),MONTH(E31)+F31,DAY(E31))) -> 46284 | H31: =IF(G31="","",IF(G31<TODAY(),"PO TERMINIE",IF(G31<=TODAY()+14,"DO WYKONANIA","OK"))) -> OK | J31: =IF(COUNTA(A31:F140)=0,"",IF(#REF!="","BRAK PROTOKOŁU","DODANY")) -> #REF! | M31: {=IF($A31="","",IFERROR(TRANSPOSE(_xlfn._xlws.FILTER(Lokale!$C$3:$C$91,Lokale!$B$3:$B$91=$A31)),""))} -> 170 (Glamour) | N31: 171 (Starter Dworzec) | O31: 172 (Starter Przyloty) | P31: 173 (LMDL2) | Q31: 174 (Zoom NS) | R31: 175 (Ministore NS) | S31: 176 (Zoom odloty) | T31: 177 (Spirit of Poland) | U31: 178 (Multistore) | V31: 179 (ZOOM) | W31: 180 (Starter odloty) | X31: 181 (Bestseller) | Y31: 182 (Zoom palarnia) | Z31: 183 (LMDL) | AA31: 187 (Zoom NS) | AB31: 208 (PIZZA) | AC31: 532 (Magazyn) | AD31: Wszystkie lokale | AJ31: {=IF($C31="","",IFERROR(TRANSPOSE(_xlfn._xlws.FILTER(Listy!$D$2:$D$60,Listy!$C$2:$C$60=$C31)),""))} -> Elektryczny (roczny) | AK31: Elektryczny (5-cio letni) | AL31: Systemy PPOŻ | AM31: Gaśnice | AN31: Klimatyzacja | AO31: Alarmy | AP31: Hydranty | AQ31: Rolety | AR31: Wentylacja | AS31: Wymiana filtrów | AT31: Regałów magazynowych | AU31: CRO | AV31: Mroźnia/Chłodnia | AW31: Regały chłodnicze | AX31: Separatory tłuszczu | AY31: Vendingi | AZ31: UDT (wózki widłowe, paleciaki) | BA31: BHP (drabiny, schodki, podesty) | BB31: Ansul | BC31: Okap | BD31: Brama garażowa | BE31: Żaluzje (gastro) | BF31: Bramki antykradzieżowe | BG31: Mycie jednostek klimatyzacji
A32: WARSZAWA | B32: 177 (Spirit of Poland) | C32: Główny | D32: Rolety | E32: 46023 | F32: 12 | G32: =IF(OR(E32="",F32=""),"",DATE(YEAR(E32),MONTH(E32)+F32,DAY(E32))) -> 46388 | H32: =IF(G32="","",IF(G32<TODAY(),"PO TERMINIE",IF(G32<=TODAY()+14,"DO WYKONANIA","OK"))) -> OK | J32: =IF(COUNTA(A32:F142)=0,"",IF(#REF!="","BRAK PROTOKOŁU","DODANY")) -> #REF! | M32: {=IF($A32="","",IFERROR(TRANSPOSE(_xlfn._xlws.FILTER(Lokale!$C$3:$C$91,Lokale!$B$3:$B$91=$A32)),""))} -> 170 (Glamour) | N32: 171 (Starter Dworzec) | O32: 172 (Starter Przyloty) | P32: 173 (LMDL2) | Q32: 174 (Zoom NS) | R32: 175 (Ministore NS) | S32: 176 (Zoom odloty) | T32: 177 (Spirit of Poland) | U32: 178 (Multistore) | V32: 179 (ZOOM) | W32: 180 (Starter odloty) | X32: 181 (Bestseller) | Y32: 182 (Zoom palarnia) | Z32: 183 (LMDL) | AA32: 187 (Zoom NS) | AB32: 208 (PIZZA) | AC32: 532 (Magazyn) | AD32: Wszystkie lokale | AJ32: {=IF($C32="","",IFERROR(TRANSPOSE(_xlfn._xlws.FILTER(Listy!$D$2:$D$60,Listy!$C$2:$C$60=$C32)),""))} -> Elektryczny (roczny) | AK32: Elektryczny (5-cio letni) | AL32: Systemy PPOŻ | AM32: Gaśnice | AN32: Klimatyzacja | AO32: Alarmy | AP32: Hydranty | AQ32: Rolety | AR32: Wentylacja | AS32: Wymiana filtrów | AT32: Regałów magazynowych | AU32: CRO | AV32: Mroźnia/Chłodnia | AW32: Regały chłodnicze | AX32: Separatory tłuszczu | AY32: Vendingi | AZ32: UDT (wózki widłowe, paleciaki) | BA32: BHP (drabiny, schodki, podesty) | BB32: Ansul | BC32: Okap | BD32: Brama garażowa | BE32: Żaluzje (gastro) | BF32: Bramki antykradzieżowe | BG32: Mycie jednostek klimatyzacji
A33: WARSZAWA | B33: 177 (Spirit of Poland) | C33: Główny | D33: Wentylacja | E33: 46192 | F33: 12 | G33: =IF(OR(E33="",F33=""),"",DATE(YEAR(E33),MONTH(E33)+F33,DAY(E33))) -> 46557 | H33: =IF(G33="","",IF(G33<TODAY(),"PO TERMINIE",IF(G33<=TODAY()+14,"DO WYKONANIA","OK"))) -> OK | J33: =IF(COUNTA(A33:F143)=0,"",IF(#REF!="","BRAK PROTOKOŁU","DODANY")) -> #REF! | M33: {=IF($A33="","",IFERROR(TRANSPOSE(_xlfn._xlws.FILTER(Lokale!$C$3:$C$91,Lokale!$B$3:$B$91=$A33)),""))} -> 170 (Glamour) | N33: 171 (Starter Dworzec) | O33: 172 (Starter Przyloty) | P33: 173 (LMDL2) | Q33: 174 (Zoom NS) | R33: 175 (Ministore NS) | S33: 176 (Zoom odloty) | T33: 177 (Spirit of Poland) | U33: 178 (Multistore) | V33: 179 (ZOOM) | W33: 180 (Starter odloty) | X33: 181 (Bestseller) | Y33: 182 (Zoom palarnia) | Z33: 183 (LMDL) | AA33: 187 (Zoom NS) | AB33: 208 (PIZZA) | AC33: 532 (Magazyn) | AD33: Wszystkie lokale | AJ33: {=IF($C33="","",IFERROR(TRANSPOSE(_xlfn._xlws.FILTER(Listy!$D$2:$D$60,Listy!$C$2:$C$60=$C33)),""))} -> Elektryczny (roczny) | AK33: Elektryczny (5-cio letni) | AL33: Systemy PPOŻ | AM33: Gaśnice | AN33: Klimatyzacja | AO33: Alarmy | AP33: Hydranty | AQ33: Rolety | AR33: Wentylacja | AS33: Wymiana filtrów | AT33: Regałów magazynowych | AU33: CRO | AV33: Mroźnia/Chłodnia | AW33: Regały chłodnicze | AX33: Separatory tłuszczu | AY33: Vendingi | AZ33: UDT (wózki widłowe, paleciaki) | BA33: BHP (drabiny, schodki, podesty) | BB33: Ansul | BC33: Okap | BD33: Brama garażowa | BE33: Żaluzje (gastro) | BF33: Bramki antykradzieżowe | BG33: Mycie jednostek klimatyzacji
A34: WARSZAWA | B34: 177 (Spirit of Poland) | C34: Główny | D34: Wymiana filtrów | E34: 46192 | F34: 12 | G34: =IF(OR(E34="",F34=""),"",DATE(YEAR(E34),MONTH(E34)+F34,DAY(E34))) -> 46557 | H34: =IF(G34="","",IF(G34<TODAY(),"PO TERMINIE",IF(G34<=TODAY()+14,"DO WYKONANIA","OK"))) -> OK | J34: =IF(COUNTA(A34:F170)=0,"",IF(#REF!="","BRAK PROTOKOŁU","DODANY")) -> #REF!
A35: WARSZAWA | B35: 177 (Spirit of Poland) | C35: Poboczny | D35: Oświetlenie | E35: 46204 | F35: 1 | G35: =IF(OR(E35="",F35=""),"",DATE(YEAR(E35),MONTH(E35)+F35,DAY(E35))) -> 46235 | H35: =IF(G35="","",IF(G35<TODAY(),"PO TERMINIE",IF(G35<=TODAY()+14,"DO WYKONANIA","OK"))) -> DO WYKONANIA | J35: =IF(COUNTA(A35:F148)=0,"",IF(#REF!="","BRAK PROTOKOŁU","DODANY")) -> #REF! | M35: {=IF($A35="","",IFERROR(TRANSPOSE(_xlfn._xlws.FILTER(Lokale!$C$3:$C$91,Lokale!$B$3:$B$91=$A35)),""))} -> 170 (Glamour) | N35: 171 (Starter Dworzec) | O35: 172 (Starter Przyloty) | P35: 173 (LMDL2) | Q35: 174 (Zoom NS) | R35: 175 (Ministore NS) | S35: 176 (Zoom odloty) | T35: 177 (Spirit of Poland) | U35: 178 (Multistore) | V35: 179 (ZOOM) | W35: 180 (Starter odloty) | X35: 181 (Bestseller) | Y35: 182 (Zoom palarnia) | Z35: 183 (LMDL) | AA35: 187 (Zoom NS) | AB35: 208 (PIZZA) | AC35: 532 (Magazyn) | AD35: Wszystkie lokale | AJ35: {=IF($C35="","",IFERROR(TRANSPOSE(_xlfn._xlws.FILTER(Listy!$D$2:$D$60,Listy!$C$2:$C$60=$C35)),""))} -> Klamki na kod | AK35: Oświetlenie | AL35: Drzwi przeciwpożarowe | AM35: Drzwi na zaplecze | AN35: Systemy multmedialne | AO35: Posadzki, wykładziny | AP35: Kontrola kurzu | AQ35: Light boxy | AR35: Floorboxy | AS35: Meble | AT35: Szyby | AU35: Lampy owadobójcze | AV35: Samochody | AW35: Windy w samochodach | AX35: Sprawdzenie pompy odpływowej
A36: WARSZAWA | B36: 177 (Spirit of Poland) | C36: Główny | D36: Mycie jednostek klimatyzacji | E36: 46192 | F36: 36 | G36: =IF(OR(E36="",F36=""),"",DATE(YEAR(E36),MONTH(E36)+F36,DAY(E36))) -> 47288 | H36: =IF(G36="","",IF(G36<TODAY(),"PO TERMINIE",IF(G36<=TODAY()+14,"DO WYKONANIA","OK"))) -> OK | J36: =IF(COUNTA(A36:F156)=0,"",IF(#REF!="","BRAK PROTOKOŁU","DODANY")) -> #REF! | M36: {=IF($A36="","",IFERROR(TRANSPOSE(_xlfn._xlws.FILTER(Lokale!$C$3:$C$91,Lokale!$B$3:$B$91=$A36)),""))} -> 170 (Glamour) | N36: 171 (Starter Dworzec) | O36: 172 (Starter Przyloty) | P36: 173 (LMDL2) | Q36: 174 (Zoom NS) | R36: 175 (Ministore NS) | S36: 176 (Zoom odloty) | T36: 177 (Spirit of Poland) | U36: 178 (Multistore) | V36: 179 (ZOOM) | W36: 180 (Starter odloty) | X36: 181 (Bestseller) | Y36: 182 (Zoom palarnia) | Z36: 183 (LMDL) | AA36: 187 (Zoom NS) | AB36: 208 (PIZZA) | AC36: 532 (Magazyn) | AD36: Wszystkie lokale | AJ36: {=IF($C36="","",IFERROR(TRANSPOSE(_xlfn._xlws.FILTER(Listy!$D$2:$D$60,Listy!$C$2:$C$60=$C36)),""))} -> Elektryczny (roczny) | AK36: Elektryczny (5-cio letni) | AL36: Systemy PPOŻ | AM36: Gaśnice | AN36: Klimatyzacja | AO36: Alarmy | AP36: Hydranty | AQ36: Rolety | AR36: Wentylacja | AS36: Wymiana filtrów | AT36: Regałów magazynowych | AU36: CRO | AV36: Mroźnia/Chłodnia | AW36: Regały chłodnicze | AX36: Separatory tłuszczu | AY36: Vendingi | AZ36: UDT (wózki widłowe, paleciaki) | BA36: BHP (drabiny, schodki, podesty) | BB36: Ansul | BC36: Okap | BD36: Brama garażowa | BE36: Żaluzje (gastro) | BF36: Bramki antykradzieżowe | BG36: Mycie jednostek klimatyzacji
G37: =IF(OR(E37="",F37=""),"",DATE(YEAR(E37),MONTH(E37)+F37,DAY(E37))) | H37: =IF(G37="","",IF(G37<TODAY(),"PO TERMINIE",IF(G37<=TODAY()+14,"DO WYKONANIA","OK"))) | J37: =IF(COUNTA(A37:F179)=0,"",IF(#REF!="","BRAK PROTOKOŁU","DODANY")) -> #REF!
A38: WARSZAWA | B38: 170 (Glamour) | C38: Główny | D38: Elektryczny (roczny) | G38: =IF(OR(E38="",F38=""),"",DATE(YEAR(E38),MONTH(E38)+F38,DAY(E38))) | H38: =IF(G38="","",IF(G38<TODAY(),"PO TERMINIE",IF(G38<=TODAY()+14,"DO WYKONANIA","OK"))) | J38: =IF(COUNTA(A38:F38)=0,"",IF(I38="","BRAK PROTOKOŁU","DODANY")) -> BRAK PROTOKOŁU | M38: {=IF($A38="","",IFERROR(TRANSPOSE(_xlfn._xlws.FILTER(Lokale!$C$3:$C$91,Lokale!$B$3:$B$91=$A38)),""))} -> 170 (Glamour) | N38: 171 (Starter Dworzec) | O38: 172 (Starter Przyloty) | P38: 173 (LMDL2) | Q38: 174 (Zoom NS) | R38: 175 (Ministore NS) | S38: 176 (Zoom odloty) | T38: 177 (Spirit of Poland) | U38: 178 (Multistore) | V38: 179 (ZOOM) | W38: 180 (Starter odloty) | X38: 181 (Bestseller) | Y38: 182 (Zoom palarnia) | Z38: 183 (LMDL) | AA38: 187 (Zoom NS) | AB38: 208 (PIZZA) | AC38: 532 (Magazyn) | AD38: Wszystkie lokale | AJ38: {=IF($C38="","",IFERROR(TRANSPOSE(_xlfn._xlws.FILTER(Listy!$D$2:$D$60,Listy!$C$2:$C$60=$C38)),""))} -> Elektryczny (roczny) | AK38: Elektryczny (5-cio letni) | AL38: Systemy PPOŻ | AM38: Gaśnice | AN38: Klimatyzacja | AO38: Alarmy | AP38: Hydranty | AQ38: Rolety | AR38: Wentylacja | AS38: Wymiana filtrów | AT38: Regałów magazynowych | AU38: CRO | AV38: Mroźnia/Chłodnia | AW38: Regały chłodnicze | AX38: Separatory tłuszczu | AY38: Vendingi | AZ38: UDT (wózki widłowe, paleciaki) | BA38: BHP (drabiny, schodki, podesty) | BB38: Ansul | BC38: Okap | BD38: Brama garażowa | BE38: Żaluzje (gastro) | BF38: Bramki antykradzieżowe | BG38: Mycie jednostek klimatyzacji
A39: WARSZAWA | B39: 170 (Glamour) | C39: Główny | D39: Elektryczny (5-cio letni) | G39: =IF(OR(E39="",F39=""),"",DATE(YEAR(E39),MONTH(E39)+F39,DAY(E39))) | H39: =IF(G39="","",IF(G39<TODAY(),"PO TERMINIE",IF(G39<=TODAY()+14,"DO WYKONANIA","OK"))) | J39: =IF(COUNTA(A39:F39)=0,"",IF(I39="","BRAK PROTOKOŁU","DODANY")) -> BRAK PROTOKOŁU | M39: {=IF($A39="","",IFERROR(TRANSPOSE(_xlfn._xlws.FILTER(Lokale!$C$3:$C$91,Lokale!$B$3:$B$91=$A39)),""))} -> 170 (Glamour) | N39: 171 (Starter Dworzec) | O39: 172 (Starter Przyloty) | P39: 173 (LMDL2) | Q39: 174 (Zoom NS) | R39: 175 (Ministore NS) | S39: 176 (Zoom odloty) | T39: 177 (Spirit of Poland) | U39: 178 (Multistore) | V39: 179 (ZOOM) | W39: 180 (Starter odloty) | X39: 181 (Bestseller) | Y39: 182 (Zoom palarnia) | Z39: 183 (LMDL) | AA39: 187 (Zoom NS) | AB39: 208 (PIZZA) | AC39: 532 (Magazyn) | AD39: Wszystkie lokale | AJ39: {=IF($C39="","",IFERROR(TRANSPOSE(_xlfn._xlws.FILTER(Listy!$D$2:$D$60,Listy!$C$2:$C$60=$C39)),""))} -> Elektryczny (roczny) | AK39: Elektryczny (5-cio letni) | AL39: Systemy PPOŻ | AM39: Gaśnice | AN39: Klimatyzacja | AO39: Alarmy | AP39: Hydranty | AQ39: Rolety | AR39: Wentylacja | AS39: Wymiana filtrów | AT39: Regałów magazynowych | AU39: CRO | AV39: Mroźnia/Chłodnia | AW39: Regały chłodnicze | AX39: Separatory tłuszczu | AY39: Vendingi | AZ39: UDT (wózki widłowe, paleciaki) | BA39: BHP (drabiny, schodki, podesty) | BB39: Ansul | BC39: Okap | BD39: Brama garażowa | BE39: Żaluzje (gastro) | BF39: Bramki antykradzieżowe | BG39: Mycie jednostek klimatyzacji
A40: WARSZAWA | B40: 170 (Glamour) | C40: Główny | D40: Systemy PPOŻ | G40: =IF(OR(E40="",F40=""),"",DATE(YEAR(E40),MONTH(E40)+F40,DAY(E40))) | H40: =IF(G40="","",IF(G40<TODAY(),"PO TERMINIE",IF(G40<=TODAY()+14,"DO WYKONANIA","OK"))) | J40: =IF(COUNTA(A40:F40)=0,"",IF(I40="","BRAK PROTOKOŁU","DODANY")) -> BRAK PROTOKOŁU | M40: {=IF($A40="","",IFERROR(TRANSPOSE(_xlfn._xlws.FILTER(Lokale!$C$3:$C$91,Lokale!$B$3:$B$91=$A40)),""))} -> 170 (Glamour) | N40: 171 (Starter Dworzec) | O40: 172 (Starter Przyloty) | P40: 173 (LMDL2) | Q40: 174 (Zoom NS) | R40: 175 (Ministore NS) | S40: 176 (Zoom odloty) | T40: 177 (Spirit of Poland) | U40: 178 (Multistore) | V40: 179 (ZOOM) | W40: 180 (Starter odloty) | X40: 181 (Bestseller) | Y40: 182 (Zoom palarnia) | Z40: 183 (LMDL) | AA40: 187 (Zoom NS) | AB40: 208 (PIZZA) | AC40: 532 (Magazyn) | AD40: Wszystkie lokale | AJ40: {=IF($C40="","",IFERROR(TRANSPOSE(_xlfn._xlws.FILTER(Listy!$D$2:$D$60,Listy!$C$2:$C$60=$C40)),""))} -> Elektryczny (roczny) | AK40: Elektryczny (5-cio letni) | AL40: Systemy PPOŻ | AM40: Gaśnice | AN40: Klimatyzacja | AO40: Alarmy | AP40: Hydranty | AQ40: Rolety | AR40: Wentylacja | AS40: Wymiana filtrów | AT40: Regałów magazynowych | AU40: CRO | AV40: Mroźnia/Chłodnia | AW40: Regały chłodnicze | AX40: Separatory tłuszczu | AY40: Vendingi | AZ40: UDT (wózki widłowe, paleciaki) | BA40: BHP (drabiny, schodki, podesty) | BB40: Ansul | BC40: Okap | BD40: Brama garażowa | BE40: Żaluzje (gastro) | BF40: Bramki antykradzieżowe | BG40: Mycie jednostek klimatyzacji
A41: WARSZAWA | B41: 170 (Glamour) | C41: Główny | D41: Klimatyzacja | E41: 46176 | F41: 3 | G41: =IF(OR(E41="",F41=""),"",DATE(YEAR(E41),MONTH(E41)+F41,DAY(E41))) -> 46268 | H41: =IF(G41="","",IF(G41<TODAY(),"PO TERMINIE",IF(G41<=TODAY()+14,"DO WYKONANIA","OK"))) -> OK | J41: =IF(COUNTA(A41:F41)=0,"",IF(I41="","BRAK PROTOKOŁU","DODANY")) -> BRAK PROTOKOŁU | M41: {=IF($A41="","",IFERROR(TRANSPOSE(_xlfn._xlws.FILTER(Lokale!$C$3:$C$91,Lokale!$B$3:$B$91=$A41)),""))} -> 170 (Glamour) | N41: 171 (Starter Dworzec) | O41: 172 (Starter Przyloty) | P41: 173 (LMDL2) | Q41: 174 (Zoom NS) | R41: 175 (Ministore NS) | S41: 176 (Zoom odloty) | T41: 177 (Spirit of Poland) | U41: 178 (Multistore) | V41: 179 (ZOOM) | W41: 180 (Starter odloty) | X41: 181 (Bestseller) | Y41: 182 (Zoom palarnia) | Z41: 183 (LMDL) | AA41: 187 (Zoom NS) | AB41: 208 (PIZZA) | AC41: 532 (Magazyn) | AD41: Wszystkie lokale | AJ41: {=IF($C41="","",IFERROR(TRANSPOSE(_xlfn._xlws.FILTER(Listy!$D$2:$D$60,Listy!$C$2:$C$60=$C41)),""))} -> Elektryczny (roczny) | AK41: Elektryczny (5-cio letni) | AL41: Systemy PPOŻ | AM41: Gaśnice | AN41: Klimatyzacja | AO41: Alarmy | AP41: Hydranty | AQ41: Rolety | AR41: Wentylacja | AS41: Wymiana filtrów | AT41: Regałów magazynowych | AU41: CRO | AV41: Mroźnia/Chłodnia | AW41: Regały chłodnicze | AX41: Separatory tłuszczu | AY41: Vendingi | AZ41: UDT (wózki widłowe, paleciaki) | BA41: BHP (drabiny, schodki, podesty) | BB41: Ansul | BC41: Okap | BD41: Brama garażowa | BE41: Żaluzje (gastro) | BF41: Bramki antykradzieżowe | BG41: Mycie jednostek klimatyzacji
A42: WARSZAWA | B42: 170 (Glamour) | C42: Główny | D42: Gaśnice | G42: =IF(OR(E42="",F42=""),"",DATE(YEAR(E42),MONTH(E42)+F42,DAY(E42))) | H42: =IF(G42="","",IF(G42<TODAY(),"PO TERMINIE",IF(G42<=TODAY()+14,"DO WYKONANIA","OK"))) | J42: =IF(COUNTA(A42:F42)=0,"",IF(I42="","BRAK PROTOKOŁU","DODANY")) -> BRAK PROTOKOŁU | M42: {=IF($A42="","",IFERROR(TRANSPOSE(_xlfn._xlws.FILTER(Lokale!$C$3:$C$91,Lokale!$B$3:$B$91=$A42)),""))} -> 170 (Glamour) | N42: 171 (Starter Dworzec) | O42: 172 (Starter Przyloty) | P42: 173 (LMDL2) | Q42: 174 (Zoom NS) | R42: 175 (Ministore NS) | S42: 176 (Zoom odloty) | T42: 177 (Spirit of Poland) | U42: 178 (Multistore) | V42: 179 (ZOOM) | W42: 180 (Starter odloty) | X42: 181 (Bestseller) | Y42: 182 (Zoom palarnia) | Z42: 183 (LMDL) | AA42: 187 (Zoom NS) | AB42: 208 (PIZZA) | AC42: 532 (Magazyn) | AD42: Wszystkie lokale | AJ42: {=IF($C42="","",IFERROR(TRANSPOSE(_xlfn._xlws.FILTER(Listy!$D$2:$D$60,Listy!$C$2:$C$60=$C42)),""))} -> Elektryczny (roczny) | AK42: Elektryczny (5-cio letni) | AL42: Systemy PPOŻ | AM42: Gaśnice | AN42: Klimatyzacja | AO42: Alarmy | AP42: Hydranty | AQ42: Rolety | AR42: Wentylacja | AS42: Wymiana filtrów | AT42: Regałów magazynowych | AU42: CRO | AV42: Mroźnia/Chłodnia | AW42: Regały chłodnicze | AX42: Separatory tłuszczu | AY42: Vendingi | AZ42: UDT (wózki widłowe, paleciaki) | BA42: BHP (drabiny, schodki, podesty) | BB42: Ansul | BC42: Okap | BD42: Brama garażowa | BE42: Żaluzje (gastro) | BF42: Bramki antykradzieżowe | BG42: Mycie jednostek klimatyzacji
A43: WARSZAWA | B43: 170 (Glamour) | C43: Główny | D43: Alarmy | G43: =IF(OR(E43="",F43=""),"",DATE(YEAR(E43),MONTH(E43)+F43,DAY(E43))) | H43: =IF(G43="","",IF(G43<TODAY(),"PO TERMINIE",IF(G43<=TODAY()+14,"DO WYKONANIA","OK"))) | J43: =IF(COUNTA(A43:F43)=0,"",IF(I43="","BRAK PROTOKOŁU","DODANY")) -> BRAK PROTOKOŁU | M43: {=IF($A43="","",IFERROR(TRANSPOSE(_xlfn._xlws.FILTER(Lokale!$C$3:$C$91,Lokale!$B$3:$B$91=$A43)),""))} -> 170 (Glamour) | N43: 171 (Starter Dworzec) | O43: 172 (Starter Przyloty) | P43: 173 (LMDL2) | Q43: 174 (Zoom NS) | R43: 175 (Ministore NS) | S43: 176 (Zoom odloty) | T43: 177 (Spirit of Poland) | U43: 178 (Multistore) | V43: 179 (ZOOM) | W43: 180 (Starter odloty) | X43: 181 (Bestseller) | Y43: 182 (Zoom palarnia) | Z43: 183 (LMDL) | AA43: 187 (Zoom NS) | AB43: 208 (PIZZA) | AC43: 532 (Magazyn) | AD43: Wszystkie lokale | AJ43: {=IF($C43="","",IFERROR(TRANSPOSE(_xlfn._xlws.FILTER(Listy!$D$2:$D$60,Listy!$C$2:$C$60=$C43)),""))} -> Elektryczny (roczny) | AK43: Elektryczny (5-cio letni) | AL43: Systemy PPOŻ | AM43: Gaśnice | AN43: Klimatyzacja | AO43: Alarmy | AP43: Hydranty | AQ43: Rolety | AR43: Wentylacja | AS43: Wymiana filtrów | AT43: Regałów magazynowych | AU43: CRO | AV43: Mroźnia/Chłodnia | AW43: Regały chłodnicze | AX43: Separatory tłuszczu | AY43: Vendingi | AZ43: UDT (wózki widłowe, paleciaki) | BA43: BHP (drabiny, schodki, podesty) | BB43: Ansul | BC43: Okap | BD43: Brama garażowa | BE43: Żaluzje (gastro) | BF43: Bramki antykradzieżowe | BG43: Mycie jednostek klimatyzacji
A44: WARSZAWA | B44: 170 (Glamour) | C44: Główny | D44: Rolety | G44: =IF(OR(E44="",F44=""),"",DATE(YEAR(E44),MONTH(E44)+F44,DAY(E44))) | H44: =IF(G44="","",IF(G44<TODAY(),"PO TERMINIE",IF(G44<=TODAY()+14,"DO WYKONANIA","OK"))) | J44: =IF(COUNTA(A44:F44)=0,"",IF(I44="","BRAK PROTOKOŁU","DODANY")) -> BRAK PROTOKOŁU | M44: {=IF($A44="","",IFERROR(TRANSPOSE(_xlfn._xlws.FILTER(Lokale!$C$3:$C$91,Lokale!$B$3:$B$91=$A44)),""))} -> 170 (Glamour) | N44: 171 (Starter Dworzec) | O44: 172 (Starter Przyloty) | P44: 173 (LMDL2) | Q44: 174 (Zoom NS) | R44: 175 (Ministore NS) | S44: 176 (Zoom odloty) | T44: 177 (Spirit of Poland) | U44: 178 (Multistore) | V44: 179 (ZOOM) | W44: 180 (Starter odloty) | X44: 181 (Bestseller) | Y44: 182 (Zoom palarnia) | Z44: 183 (LMDL) | AA44: 187 (Zoom NS) | AB44: 208 (PIZZA) | AC44: 532 (Magazyn) | AD44: Wszystkie lokale | AJ44: {=IF($C44="","",IFERROR(TRANSPOSE(_xlfn._xlws.FILTER(Listy!$D$2:$D$60,Listy!$C$2:$C$60=$C44)),""))} -> Elektryczny (roczny) | AK44: Elektryczny (5-cio letni) | AL44: Systemy PPOŻ | AM44: Gaśnice | AN44: Klimatyzacja | AO44: Alarmy | AP44: Hydranty | AQ44: Rolety | AR44: Wentylacja | AS44: Wymiana filtrów | AT44: Regałów magazynowych | AU44: CRO | AV44: Mroźnia/Chłodnia | AW44: Regały chłodnicze | AX44: Separatory tłuszczu | AY44: Vendingi | AZ44: UDT (wózki widłowe, paleciaki) | BA44: BHP (drabiny, schodki, podesty) | BB44: Ansul | BC44: Okap | BD44: Brama garażowa | BE44: Żaluzje (gastro) | BF44: Bramki antykradzieżowe | BG44: Mycie jednostek klimatyzacji
A45: WARSZAWA | B45: 170 (Glamour) | C45: Główny | D45: Bramki antykradzieżowe | G45: =IF(OR(E45="",F45=""),"",DATE(YEAR(E45),MONTH(E45)+F45,DAY(E45))) | H45: =IF(G45="","",IF(G45<TODAY(),"PO TERMINIE",IF(G45<=TODAY()+14,"DO WYKONANIA","OK"))) | J45: =IF(COUNTA(A45:F45)=0,"",IF(I45="","BRAK PROTOKOŁU","DODANY")) -> BRAK PROTOKOŁU | M45: {=IF($A45="","",IFERROR(TRANSPOSE(_xlfn._xlws.FILTER(Lokale!$C$3:$C$91,Lokale!$B$3:$B$91=$A45)),""))} -> 170 (Glamour) | N45: 171 (Starter Dworzec) | O45: 172 (Starter Przyloty) | P45: 173 (LMDL2) | Q45: 174 (Zoom NS) | R45: 175 (Ministore NS) | S45: 176 (Zoom odloty) | T45: 177 (Spirit of Poland) | U45: 178 (Multistore) | V45: 179 (ZOOM) | W45: 180 (Starter odloty) | X45: 181 (Bestseller) | Y45: 182 (Zoom palarnia) | Z45: 183 (LMDL) | AA45: 187 (Zoom NS) | AB45: 208 (PIZZA) | AC45: 532 (Magazyn) | AD45: Wszystkie lokale | AJ45: {=IF($C45="","",IFERROR(TRANSPOSE(_xlfn._xlws.FILTER(Listy!$D$2:$D$60,Listy!$C$2:$C$60=$C45)),""))} -> Elektryczny (roczny) | AK45: Elektryczny (5-cio letni) | AL45: Systemy PPOŻ | AM45: Gaśnice | AN45: Klimatyzacja | AO45: Alarmy | AP45: Hydranty | AQ45: Rolety | AR45: Wentylacja | AS45: Wymiana filtrów | AT45: Regałów magazynowych | AU45: CRO | AV45: Mroźnia/Chłodnia | AW45: Regały chłodnicze | AX45: Separatory tłuszczu | AY45: Vendingi | AZ45: UDT (wózki widłowe, paleciaki) | BA45: BHP (drabiny, schodki, podesty) | BB45: Ansul | BC45: Okap | BD45: Brama garażowa | BE45: Żaluzje (gastro) | BF45: Bramki antykradzieżowe | BG45: Mycie jednostek klimatyzacji
A46: WARSZAWA | B46: 170 (Glamour) | C46: Główny | D46: Wentylacja | G46: =IF(OR(E46="",F46=""),"",DATE(YEAR(E46),MONTH(E46)+F46,DAY(E46))) | H46: =IF(G46="","",IF(G46<TODAY(),"PO TERMINIE",IF(G46<=TODAY()+14,"DO WYKONANIA","OK"))) | J46: =IF(COUNTA(A46:F46)=0,"",IF(I46="","BRAK PROTOKOŁU","DODANY")) -> BRAK PROTOKOŁU | M46: {=IF($A46="","",IFERROR(TRANSPOSE(_xlfn._xlws.FILTER(Lokale!$C$3:$C$91,Lokale!$B$3:$B$91=$A46)),""))} -> 170 (Glamour) | N46: 171 (Starter Dworzec) | O46: 172 (Starter Przyloty) | P46: 173 (LMDL2) | Q46: 174 (Zoom NS) | R46: 175 (Ministore NS) | S46: 176 (Zoom odloty) | T46: 177 (Spirit of Poland) | U46: 178 (Multistore) | V46: 179 (ZOOM) | W46: 180 (Starter odloty) | X46: 181 (Bestseller) | Y46: 182 (Zoom palarnia) | Z46: 183 (LMDL) | AA46: 187 (Zoom NS) | AB46: 208 (PIZZA) | AC46: 532 (Magazyn) | AD46: Wszystkie lokale | AJ46: {=IF($C46="","",IFERROR(TRANSPOSE(_xlfn._xlws.FILTER(Listy!$D$2:$D$60,Listy!$C$2:$C$60=$C46)),""))} -> Elektryczny (roczny) | AK46: Elektryczny (5-cio letni) | AL46: Systemy PPOŻ | AM46: Gaśnice | AN46: Klimatyzacja | AO46: Alarmy | AP46: Hydranty | AQ46: Rolety | AR46: Wentylacja | AS46: Wymiana filtrów | AT46: Regałów magazynowych | AU46: CRO | AV46: Mroźnia/Chłodnia | AW46: Regały chłodnicze | AX46: Separatory tłuszczu | AY46: Vendingi | AZ46: UDT (wózki widłowe, paleciaki) | BA46: BHP (drabiny, schodki, podesty) | BB46: Ansul | BC46: Okap | BD46: Brama garażowa | BE46: Żaluzje (gastro) | BF46: Bramki antykradzieżowe | BG46: Mycie jednostek klimatyzacji
A47: WARSZAWA | B47: 170 (Glamour) | C47: Główny | D47: Wymiana filtrów | G47: =IF(OR(E47="",F47=""),"",DATE(YEAR(E47),MONTH(E47)+F47,DAY(E47))) | H47: =IF(G47="","",IF(G47<TODAY(),"PO TERMINIE",IF(G47<=TODAY()+14,"DO WYKONANIA","OK"))) | J47: =IF(COUNTA(A47:F47)=0,"",IF(I47="","BRAK PROTOKOŁU","DODANY")) -> BRAK PROTOKOŁU | M47: {=IF($A47="","",IFERROR(TRANSPOSE(_xlfn._xlws.FILTER(Lokale!$C$3:$C$91,Lokale!$B$3:$B$91=$A47)),""))} -> 170 (Glamour) | N47: 171 (Starter Dworzec) | O47: 172 (Starter Przyloty) | P47: 173 (LMDL2) | Q47: 174 (Zoom NS) | R47: 175 (Ministore NS) | S47: 176 (Zoom odloty) | T47: 177 (Spirit of Poland) | U47: 178 (Multistore) | V47: 179 (ZOOM) | W47: 180 (Starter odloty) | X47: 181 (Bestseller) | Y47: 182 (Zoom palarnia) | Z47: 183 (LMDL) | AA47: 187 (Zoom NS) | AB47: 208 (PIZZA) | AC47: 532 (Magazyn) | AD47: Wszystkie lokale | AJ47: {=IF($C47="","",IFERROR(TRANSPOSE(_xlfn._xlws.FILTER(Listy!$D$2:$D$60,Listy!$C$2:$C$60=$C47)),""))} -> Elektryczny (roczny) | AK47: Elektryczny (5-cio letni) | AL47: Systemy PPOŻ | AM47: Gaśnice | AN47: Klimatyzacja | AO47: Alarmy | AP47: Hydranty | AQ47: Rolety | AR47: Wentylacja | AS47: Wymiana filtrów | AT47: Regałów magazynowych | AU47: CRO | AV47: Mroźnia/Chłodnia | AW47: Regały chłodnicze | AX47: Separatory tłuszczu | AY47: Vendingi | AZ47: UDT (wózki widłowe, paleciaki) | BA47: BHP (drabiny, schodki, podesty) | BB47: Ansul | BC47: Okap | BD47: Brama garażowa | BE47: Żaluzje (gastro) | BF47: Bramki antykradzieżowe | BG47: Mycie jednostek klimatyzacji
A48: WARSZAWA | B48: 170 (Glamour) | C48: Główny | D48: BHP (drabiny, schodki, podesty) | G48: =IF(OR(E48="",F48=""),"",DATE(YEAR(E48),MONTH(E48)+F48,DAY(E48))) | H48: =IF(G48="","",IF(G48<TODAY(),"PO TERMINIE",IF(G48<=TODAY()+14,"DO WYKONANIA","OK"))) | J48: =IF(COUNTA(A48:F48)=0,"",IF(I48="","BRAK PROTOKOŁU","DODANY")) -> BRAK PROTOKOŁU | M48: {=IF($A48="","",IFERROR(TRANSPOSE(_xlfn._xlws.FILTER(Lokale!$C$3:$C$91,Lokale!$B$3:$B$91=$A48)),""))} -> 170 (Glamour) | N48: 171 (Starter Dworzec) | O48: 172 (Starter Przyloty) | P48: 173 (LMDL2) | Q48: 174 (Zoom NS) | R48: 175 (Ministore NS) | S48: 176 (Zoom odloty) | T48: 177 (Spirit of Poland) | U48: 178 (Multistore) | V48: 179 (ZOOM) | W48: 180 (Starter odloty) | X48: 181 (Bestseller) | Y48: 182 (Zoom palarnia) | Z48: 183 (LMDL) | AA48: 187 (Zoom NS) | AB48: 208 (PIZZA) | AC48: 532 (Magazyn) | AD48: Wszystkie lokale | AJ48: {=IF($C48="","",IFERROR(TRANSPOSE(_xlfn._xlws.FILTER(Listy!$D$2:$D$60,Listy!$C$2:$C$60=$C48)),""))} -> Elektryczny (roczny) | AK48: Elektryczny (5-cio letni) | AL48: Systemy PPOŻ | AM48: Gaśnice | AN48: Klimatyzacja | AO48: Alarmy | AP48: Hydranty | AQ48: Rolety | AR48: Wentylacja | AS48: Wymiana filtrów | AT48: Regałów magazynowych | AU48: CRO | AV48: Mroźnia/Chłodnia | AW48: Regały chłodnicze | AX48: Separatory tłuszczu | AY48: Vendingi | AZ48: UDT (wózki widłowe, paleciaki) | BA48: BHP (drabiny, schodki, podesty) | BB48: Ansul | BC48: Okap | BD48: Brama garażowa | BE48: Żaluzje (gastro) | BF48: Bramki antykradzieżowe | BG48: Mycie jednostek klimatyzacji
A49: WARSZAWA | B49: 170 (Glamour) | C49: Poboczny | D49: Oświetlenie | G49: =IF(OR(E49="",F49=""),"",DATE(YEAR(E49),MONTH(E49)+F49,DAY(E49))) | H49: =IF(G49="","",IF(G49<TODAY(),"PO TERMINIE",IF(G49<=TODAY()+14,"DO WYKONANIA","OK"))) | J49: =IF(COUNTA(A49:F49)=0,"",IF(I49="","BRAK PROTOKOŁU","DODANY")) -> BRAK PROTOKOŁU | M49: {=IF($A49="","",IFERROR(TRANSPOSE(_xlfn._xlws.FILTER(Lokale!$C$3:$C$91,Lokale!$B$3:$B$91=$A49)),""))} -> 170 (Glamour) | N49: 171 (Starter Dworzec) | O49: 172 (Starter Przyloty) | P49: 173 (LMDL2) | Q49: 174 (Zoom NS) | R49: 175 (Ministore NS) | S49: 176 (Zoom odloty) | T49: 177 (Spirit of Poland) | U49: 178 (Multistore) | V49: 179 (ZOOM) | W49: 180 (Starter odloty) | X49: 181 (Bestseller) | Y49: 182 (Zoom palarnia) | Z49: 183 (LMDL) | AA49: 187 (Zoom NS) | AB49: 208 (PIZZA) | AC49: 532 (Magazyn) | AD49: Wszystkie lokale | AJ49: {=IF($C49="","",IFERROR(TRANSPOSE(_xlfn._xlws.FILTER(Listy!$D$2:$D$60,Listy!$C$2:$C$60=$C49)),""))} -> Klamki na kod | AK49: Oświetlenie | AL49: Drzwi przeciwpożarowe | AM49: Drzwi na zaplecze | AN49: Systemy multmedialne | AO49: Posadzki, wykładziny | AP49: Kontrola kurzu | AQ49: Light boxy | AR49: Floorboxy | AS49: Meble | AT49: Szyby | AU49: Lampy owadobójcze | AV49: Samochody | AW49: Windy w samochodach | AX49: Sprawdzenie pompy odpływowej
A50: WARSZAWA | B50: 170 (Glamour) | C50: Poboczny | D50: Drzwi przeciwpożarowe | G50: =IF(OR(E50="",F50=""),"",DATE(YEAR(E50),MONTH(E50)+F50,DAY(E50))) | H50: =IF(G50="","",IF(G50<TODAY(),"PO TERMINIE",IF(G50<=TODAY()+14,"DO WYKONANIA","OK"))) | J50: =IF(COUNTA(A50:F50)=0,"",IF(I50="","BRAK PROTOKOŁU","DODANY")) -> BRAK PROTOKOŁU | M50: {=IF($A50="","",IFERROR(TRANSPOSE(_xlfn._xlws.FILTER(Lokale!$C$3:$C$91,Lokale!$B$3:$B$91=$A50)),""))} -> 170 (Glamour) | N50: 171 (Starter Dworzec) | O50: 172 (Starter Przyloty) | P50: 173 (LMDL2) | Q50: 174 (Zoom NS) | R50: 175 (Ministore NS) | S50: 176 (Zoom odloty) | T50: 177 (Spirit of Poland) | U50: 178 (Multistore) | V50: 179 (ZOOM) | W50: 180 (Starter odloty) | X50: 181 (Bestseller) | Y50: 182 (Zoom palarnia) | Z50: 183 (LMDL) | AA50: 187 (Zoom NS) | AB50: 208 (PIZZA) | AC50: 532 (Magazyn) | AD50: Wszystkie lokale | AJ50: {=IF($C50="","",IFERROR(TRANSPOSE(_xlfn._xlws.FILTER(Listy!$D$2:$D$60,Listy!$C$2:$C$60=$C50)),""))} -> Klamki na kod | AK50: Oświetlenie | AL50: Drzwi przeciwpożarowe | AM50: Drzwi na zaplecze | AN50: Systemy multmedialne | AO50: Posadzki, wykładziny | AP50: Kontrola kurzu | AQ50: Light boxy | AR50: Floorboxy | AS50: Meble | AT50: Szyby | AU50: Lampy owadobójcze | AV50: Samochody | AW50: Windy w samochodach | AX50: Sprawdzenie pompy odpływowej
A51: WARSZAWA | B51: 170 (Glamour) | C51: Poboczny | D51: Drzwi na zaplecze | G51: =IF(OR(E51="",F51=""),"",DATE(YEAR(E51),MONTH(E51)+F51,DAY(E51))) | H51: =IF(G51="","",IF(G51<TODAY(),"PO TERMINIE",IF(G51<=TODAY()+14,"DO WYKONANIA","OK"))) | J51: =IF(COUNTA(A51:F51)=0,"",IF(I51="","BRAK PROTOKOŁU","DODANY")) -> BRAK PROTOKOŁU | M51: {=IF($A51="","",IFERROR(TRANSPOSE(_xlfn._xlws.FILTER(Lokale!$C$3:$C$91,Lokale!$B$3:$B$91=$A51)),""))} -> 170 (Glamour) | N51: 171 (Starter Dworzec) | O51: 172 (Starter Przyloty) | P51: 173 (LMDL2) | Q51: 174 (Zoom NS) | R51: 175 (Ministore NS) | S51: 176 (Zoom odloty) | T51: 177 (Spirit of Poland) | U51: 178 (Multistore) | V51: 179 (ZOOM) | W51: 180 (Starter odloty) | X51: 181 (Bestseller) | Y51: 182 (Zoom palarnia) | Z51: 183 (LMDL) | AA51: 187 (Zoom NS) | AB51: 208 (PIZZA) | AC51: 532 (Magazyn) | AD51: Wszystkie lokale | AJ51: {=IF($C51="","",IFERROR(TRANSPOSE(_xlfn._xlws.FILTER(Listy!$D$2:$D$60,Listy!$C$2:$C$60=$C51)),""))} -> Klamki na kod | AK51: Oświetlenie | AL51: Drzwi przeciwpożarowe | AM51: Drzwi na zaplecze | AN51: Systemy multmedialne | AO51: Posadzki, wykładziny | AP51: Kontrola kurzu | AQ51: Light boxy | AR51: Floorboxy | AS51: Meble | AT51: Szyby | AU51: Lampy owadobójcze | AV51: Samochody | AW51: Windy w samochodach | AX51: Sprawdzenie pompy odpływowej
A52: WARSZAWA | B52: 170 (Glamour) | C52: Poboczny | D52: Systemy multmedialne | G52: =IF(OR(E52="",F52=""),"",DATE(YEAR(E52),MONTH(E52)+F52,DAY(E52))) | H52: =IF(G52="","",IF(G52<TODAY(),"PO TERMINIE",IF(G52<=TODAY()+14,"DO WYKONANIA","OK"))) | J52: =IF(COUNTA(A52:F52)=0,"",IF(I52="","BRAK PROTOKOŁU","DODANY")) -> BRAK PROTOKOŁU | M52: {=IF($A52="","",IFERROR(TRANSPOSE(_xlfn._xlws.FILTER(Lokale!$C$3:$C$91,Lokale!$B$3:$B$91=$A52)),""))} -> 170 (Glamour) | N52: 171 (Starter Dworzec) | O52: 172 (Starter Przyloty) | P52: 173 (LMDL2) | Q52: 174 (Zoom NS) | R52: 175 (Ministore NS) | S52: 176 (Zoom odloty) | T52: 177 (Spirit of Poland) | U52: 178 (Multistore) | V52: 179 (ZOOM) | W52: 180 (Starter odloty) | X52: 181 (Bestseller) | Y52: 182 (Zoom palarnia) | Z52: 183 (LMDL) | AA52: 187 (Zoom NS) | AB52: 208 (PIZZA) | AC52: 532 (Magazyn) | AD52: Wszystkie lokale | AJ52: {=IF($C52="","",IFERROR(TRANSPOSE(_xlfn._xlws.FILTER(Listy!$D$2:$D$60,Listy!$C$2:$C$60=$C52)),""))} -> Klamki na kod | AK52: Oświetlenie | AL52: Drzwi przeciwpożarowe | AM52: Drzwi na zaplecze | AN52: Systemy multmedialne | AO52: Posadzki, wykładziny | AP52: Kontrola kurzu | AQ52: Light boxy | AR52: Floorboxy | AS52: Meble | AT52: Szyby | AU52: Lampy owadobójcze | AV52: Samochody | AW52: Windy w samochodach | AX52: Sprawdzenie pompy odpływowej
A53: WARSZAWA | B53: 170 (Glamour) | C53: Poboczny | D53: Kontrola kurzu | G53: =IF(OR(E53="",F53=""),"",DATE(YEAR(E53),MONTH(E53)+F53,DAY(E53))) | H53: =IF(G53="","",IF(G53<TODAY(),"PO TERMINIE",IF(G53<=TODAY()+14,"DO WYKONANIA","OK"))) | J53: =IF(COUNTA(A53:F53)=0,"",IF(I53="","BRAK PROTOKOŁU","DODANY")) -> BRAK PROTOKOŁU | M53: {=IF($A53="","",IFERROR(TRANSPOSE(_xlfn._xlws.FILTER(Lokale!$C$3:$C$91,Lokale!$B$3:$B$91=$A53)),""))} -> 170 (Glamour) | N53: 171 (Starter Dworzec) | O53: 172 (Starter Przyloty) | P53: 173 (LMDL2) | Q53: 174 (Zoom NS) | R53: 175 (Ministore NS) | S53: 176 (Zoom odloty) | T53: 177 (Spirit of Poland) | U53: 178 (Multistore) | V53: 179 (ZOOM) | W53: 180 (Starter odloty) | X53: 181 (Bestseller) | Y53: 182 (Zoom palarnia) | Z53: 183 (LMDL) | AA53: 187 (Zoom NS) | AB53: 208 (PIZZA) | AC53: 532 (Magazyn) | AD53: Wszystkie lokale | AJ53: {=IF($C53="","",IFERROR(TRANSPOSE(_xlfn._xlws.FILTER(Listy!$D$2:$D$60,Listy!$C$2:$C$60=$C53)),""))} -> Klamki na kod | AK53: Oświetlenie | AL53: Drzwi przeciwpożarowe | AM53: Drzwi na zaplecze | AN53: Systemy multmedialne | AO53: Posadzki, wykładziny | AP53: Kontrola kurzu | AQ53: Light boxy | AR53: Floorboxy | AS53: Meble | AT53: Szyby | AU53: Lampy owadobójcze | AV53: Samochody | AW53: Windy w samochodach | AX53: Sprawdzenie pompy odpływowej
A54: WARSZAWA | B54: 170 (Glamour) | C54: Poboczny | D54: Light boxy | G54: =IF(OR(E54="",F54=""),"",DATE(YEAR(E54),MONTH(E54)+F54,DAY(E54))) | H54: =IF(G54="","",IF(G54<TODAY(),"PO TERMINIE",IF(G54<=TODAY()+14,"DO WYKONANIA","OK"))) | J54: =IF(COUNTA(A54:F54)=0,"",IF(I54="","BRAK PROTOKOŁU","DODANY")) -> BRAK PROTOKOŁU | M54: {=IF($A54="","",IFERROR(TRANSPOSE(_xlfn._xlws.FILTER(Lokale!$C$3:$C$91,Lokale!$B$3:$B$91=$A54)),""))} -> 170 (Glamour) | N54: 171 (Starter Dworzec) | O54: 172 (Starter Przyloty) | P54: 173 (LMDL2) | Q54: 174 (Zoom NS) | R54: 175 (Ministore NS) | S54: 176 (Zoom odloty) | T54: 177 (Spirit of Poland) | U54: 178 (Multistore) | V54: 179 (ZOOM) | W54: 180 (Starter odloty) | X54: 181 (Bestseller) | Y54: 182 (Zoom palarnia) | Z54: 183 (LMDL) | AA54: 187 (Zoom NS) | AB54: 208 (PIZZA) | AC54: 532 (Magazyn) | AD54: Wszystkie lokale | AJ54: {=IF($C54="","",IFERROR(TRANSPOSE(_xlfn._xlws.FILTER(Listy!$D$2:$D$60,Listy!$C$2:$C$60=$C54)),""))} -> Klamki na kod | AK54: Oświetlenie | AL54: Drzwi przeciwpożarowe | AM54: Drzwi na zaplecze | AN54: Systemy multmedialne | AO54: Posadzki, wykładziny | AP54: Kontrola kurzu | AQ54: Light boxy | AR54: Floorboxy | AS54: Meble | AT54: Szyby | AU54: Lampy owadobójcze | AV54: Samochody | AW54: Windy w samochodach | AX54: Sprawdzenie pompy odpływowej
A55: WARSZAWA | B55: 170 (Glamour) | C55: Poboczny | D55: Floorboxy | G55: =IF(OR(E55="",F55=""),"",DATE(YEAR(E55),MONTH(E55)+F55,DAY(E55))) | H55: =IF(G55="","",IF(G55<TODAY(),"PO TERMINIE",IF(G55<=TODAY()+14,"DO WYKONANIA","OK"))) | J55: =IF(COUNTA(A55:F55)=0,"",IF(I55="","BRAK PROTOKOŁU","DODANY")) -> BRAK PROTOKOŁU | M55: {=IF($A55="","",IFERROR(TRANSPOSE(_xlfn._xlws.FILTER(Lokale!$C$3:$C$91,Lokale!$B$3:$B$91=$A55)),""))} -> 170 (Glamour) | N55: 171 (Starter Dworzec) | O55: 172 (Starter Przyloty) | P55: 173 (LMDL2) | Q55: 174 (Zoom NS) | R55: 175 (Ministore NS) | S55: 176 (Zoom odloty) | T55: 177 (Spirit of Poland) | U55: 178 (Multistore) | V55: 179 (ZOOM) | W55: 180 (Starter odloty) | X55: 181 (Bestseller) | Y55: 182 (Zoom palarnia) | Z55: 183 (LMDL) | AA55: 187 (Zoom NS) | AB55: 208 (PIZZA) | AC55: 532 (Magazyn) | AD55: Wszystkie lokale | AJ55: {=IF($C55="","",IFERROR(TRANSPOSE(_xlfn._xlws.FILTER(Listy!$D$2:$D$60,Listy!$C$2:$C$60=$C55)),""))} -> Klamki na kod | AK55: Oświetlenie | AL55: Drzwi przeciwpożarowe | AM55: Drzwi na zaplecze | AN55: Systemy multmedialne | AO55: Posadzki, wykładziny | AP55: Kontrola kurzu | AQ55: Light boxy | AR55: Floorboxy | AS55: Meble | AT55: Szyby | AU55: Lampy owadobójcze | AV55: Samochody | AW55: Windy w samochodach | AX55: Sprawdzenie pompy odpływowej
A56: WARSZAWA | B56: 170 (Glamour) | C56: Poboczny | D56: Meble | G56: =IF(OR(E56="",F56=""),"",DATE(YEAR(E56),MONTH(E56)+F56,DAY(E56))) | H56: =IF(G56="","",IF(G56<TODAY(),"PO TERMINIE",IF(G56<=TODAY()+14,"DO WYKONANIA","OK"))) | J56: =IF(COUNTA(A56:F56)=0,"",IF(I56="","BRAK PROTOKOŁU","DODANY")) -> BRAK PROTOKOŁU | M56: {=IF($A56="","",IFERROR(TRANSPOSE(_xlfn._xlws.FILTER(Lokale!$C$3:$C$91,Lokale!$B$3:$B$91=$A56)),""))} -> 170 (Glamour) | N56: 171 (Starter Dworzec) | O56: 172 (Starter Przyloty) | P56: 173 (LMDL2) | Q56: 174 (Zoom NS) | R56: 175 (Ministore NS) | S56: 176 (Zoom odloty) | T56: 177 (Spirit of Poland) | U56: 178 (Multistore) | V56: 179 (ZOOM) | W56: 180 (Starter odloty) | X56: 181 (Bestseller) | Y56: 182 (Zoom palarnia) | Z56: 183 (LMDL) | AA56: 187 (Zoom NS) | AB56: 208 (PIZZA) | AC56: 532 (Magazyn) | AD56: Wszystkie lokale | AJ56: {=IF($C56="","",IFERROR(TRANSPOSE(_xlfn._xlws.FILTER(Listy!$D$2:$D$60,Listy!$C$2:$C$60=$C56)),""))} -> Klamki na kod | AK56: Oświetlenie | AL56: Drzwi przeciwpożarowe | AM56: Drzwi na zaplecze | AN56: Systemy multmedialne | AO56: Posadzki, wykładziny | AP56: Kontrola kurzu | AQ56: Light boxy | AR56: Floorboxy | AS56: Meble | AT56: Szyby | AU56: Lampy owadobójcze | AV56: Samochody | AW56: Windy w samochodach | AX56: Sprawdzenie pompy odpływowej
G57: =IF(OR(E57="",F57=""),"",DATE(YEAR(E57),MONTH(E57)+F57,DAY(E57))) | H57: =IF(G57="","",IF(G57<TODAY(),"PO TERMINIE",IF(G57<=TODAY()+14,"DO WYKONANIA","OK"))) | J57: =IF(COUNTA(A57:F104)=0,"",IF(#REF!="","BRAK PROTOKOŁU","DODANY")) -> #REF! | AJ57: {=IF($C57="","",IFERROR(TRANSPOSE(_xlfn._xlws.FILTER(Listy!$D$2:$D$60,Listy!$C$2:$C$60=$C57)),""))}
A58: WARSZAWA | B58: 171 (Starter Dworzec) | C58: Główny | D58: Elektryczny (roczny) | G58: =IF(OR(E58="",F58=""),"",DATE(YEAR(E58),MONTH(E58)+F58,DAY(E58))) | H58: =IF(G58="","",IF(G58<TODAY(),"PO TERMINIE",IF(G58<=TODAY()+14,"DO WYKONANIA","OK"))) | J58: =IF(COUNTA(A58:F58)=0,"",IF(I58="","BRAK PROTOKOŁU","DODANY")) -> BRAK PROTOKOŁU | M58: {=IF($A58="","",IFERROR(TRANSPOSE(_xlfn._xlws.FILTER(Lokale!$C$3:$C$91,Lokale!$B$3:$B$91=$A58)),""))} -> 170 (Glamour) | N58: 171 (Starter Dworzec) | O58: 172 (Starter Przyloty) | P58: 173 (LMDL2) | Q58: 174 (Zoom NS) | R58: 175 (Ministore NS) | S58: 176 (Zoom odloty) | T58: 177 (Spirit of Poland) | U58: 178 (Multistore) | V58: 179 (ZOOM) | W58: 180 (Starter odloty) | X58: 181 (Bestseller) | Y58: 182 (Zoom palarnia) | Z58: 183 (LMDL) | AA58: 187 (Zoom NS) | AB58: 208 (PIZZA) | AC58: 532 (Magazyn) | AD58: Wszystkie lokale | AJ58: {=IF($C58="","",IFERROR(TRANSPOSE(_xlfn._xlws.FILTER(Listy!$D$2:$D$60,Listy!$C$2:$C$60=$C58)),""))} -> Elektryczny (roczny) | AK58: Elektryczny (5-cio letni) | AL58: Systemy PPOŻ | AM58: Gaśnice | AN58: Klimatyzacja | AO58: Alarmy | AP58: Hydranty | AQ58: Rolety | AR58: Wentylacja | AS58: Wymiana filtrów | AT58: Regałów magazynowych | AU58: CRO | AV58: Mroźnia/Chłodnia | AW58: Regały chłodnicze | AX58: Separatory tłuszczu | AY58: Vendingi | AZ58: UDT (wózki widłowe, paleciaki) | BA58: BHP (drabiny, schodki, podesty) | BB58: Ansul | BC58: Okap | BD58: Brama garażowa | BE58: Żaluzje (gastro) | BF58: Bramki antykradzieżowe | BG58: Mycie jednostek klimatyzacji
A59: WARSZAWA | B59: 171 (Starter Dworzec) | C59: Główny | D59: Elektryczny (5-cio letni) | E59: 45552 | F59: 60 | G59: =IF(OR(E59="",F59=""),"",DATE(YEAR(E59),MONTH(E59)+F59,DAY(E59))) -> 47378 | H59: =IF(G59="","",IF(G59<TODAY(),"PO TERMINIE",IF(G59<=TODAY()+14,"DO WYKONANIA","OK"))) -> OK | J59: =IF(COUNTA(A59:F59)=0,"",IF(I59="","BRAK PROTOKOŁU","DODANY")) -> BRAK PROTOKOŁU | M59: {=IF($A59="","",IFERROR(TRANSPOSE(_xlfn._xlws.FILTER(Lokale!$C$3:$C$91,Lokale!$B$3:$B$91=$A59)),""))} -> 170 (Glamour) | N59: 171 (Starter Dworzec) | O59: 172 (Starter Przyloty) | P59: 173 (LMDL2) | Q59: 174 (Zoom NS) | R59: 175 (Ministore NS) | S59: 176 (Zoom odloty) | T59: 177 (Spirit of Poland) | U59: 178 (Multistore) | V59: 179 (ZOOM) | W59: 180 (Starter odloty) | X59: 181 (Bestseller) | Y59: 182 (Zoom palarnia) | Z59: 183 (LMDL) | AA59: 187 (Zoom NS) | AB59: 208 (PIZZA) | AC59: 532 (Magazyn) | AD59: Wszystkie lokale | AJ59: {=IF($C59="","",IFERROR(TRANSPOSE(_xlfn._xlws.FILTER(Listy!$D$2:$D$60,Listy!$C$2:$C$60=$C59)),""))} -> Elektryczny (roczny) | AK59: Elektryczny (5-cio letni) | AL59: Systemy PPOŻ | AM59: Gaśnice | AN59: Klimatyzacja | AO59: Alarmy | AP59: Hydranty | AQ59: Rolety | AR59: Wentylacja | AS59: Wymiana filtrów | AT59: Regałów magazynowych | AU59: CRO | AV59: Mroźnia/Chłodnia | AW59: Regały chłodnicze | AX59: Separatory tłuszczu | AY59: Vendingi | AZ59: UDT (wózki widłowe, paleciaki) | BA59: BHP (drabiny, schodki, podesty) | BB59: Ansul | BC59: Okap | BD59: Brama garażowa | BE59: Żaluzje (gastro) | BF59: Bramki antykradzieżowe | BG59: Mycie jednostek klimatyzacji
A60: WARSZAWA | B60: 171 (Starter Dworzec) | C60: Główny | D60: Systemy PPOŻ | G60: =IF(OR(E60="",F60=""),"",DATE(YEAR(E60),MONTH(E60)+F60,DAY(E60))) | H60: =IF(G60="","",IF(G60<TODAY(),"PO TERMINIE",IF(G60<=TODAY()+14,"DO WYKONANIA","OK"))) | J60: =IF(COUNTA(A60:F60)=0,"",IF(I60="","BRAK PROTOKOŁU","DODANY")) -> BRAK PROTOKOŁU | M60: {=IF($A60="","",IFERROR(TRANSPOSE(_xlfn._xlws.FILTER(Lokale!$C$3:$C$91,Lokale!$B$3:$B$91=$A60)),""))} -> 170 (Glamour) | N60: 171 (Starter Dworzec) | O60: 172 (Starter Przyloty) | P60: 173 (LMDL2) | Q60: 174 (Zoom NS) | R60: 175 (Ministore NS) | S60: 176 (Zoom odloty) | T60: 177 (Spirit of Poland) | U60: 178 (Multistore) | V60: 179 (ZOOM) | W60: 180 (Starter odloty) | X60: 181 (Bestseller) | Y60: 182 (Zoom palarnia) | Z60: 183 (LMDL) | AA60: 187 (Zoom NS) | AB60: 208 (PIZZA) | AC60: 532 (Magazyn) | AD60: Wszystkie lokale | AJ60: {=IF($C60="","",IFERROR(TRANSPOSE(_xlfn._xlws.FILTER(Listy!$D$2:$D$60,Listy!$C$2:$C$60=$C60)),""))} -> Elektryczny (roczny) | AK60: Elektryczny (5-cio letni) | AL60: Systemy PPOŻ | AM60: Gaśnice | AN60: Klimatyzacja | AO60: Alarmy | AP60: Hydranty | AQ60: Rolety | AR60: Wentylacja | AS60: Wymiana filtrów | AT60: Regałów magazynowych | AU60: CRO | AV60: Mroźnia/Chłodnia | AW60: Regały chłodnicze | AX60: Separatory tłuszczu | AY60: Vendingi | AZ60: UDT (wózki widłowe, paleciaki) | BA60: BHP (drabiny, schodki, podesty) | BB60: Ansul | BC60: Okap | BD60: Brama garażowa | BE60: Żaluzje (gastro) | BF60: Bramki antykradzieżowe | BG60: Mycie jednostek klimatyzacji
A61: WARSZAWA | B61: 171 (Starter Dworzec) | C61: Główny | D61: Klimatyzacja | G61: =IF(OR(E61="",F61=""),"",DATE(YEAR(E61),MONTH(E61)+F61,DAY(E61))) | H61: =IF(G61="","",IF(G61<TODAY(),"PO TERMINIE",IF(G61<=TODAY()+14,"DO WYKONANIA","OK"))) | J61: =IF(COUNTA(A61:F61)=0,"",IF(I61="","BRAK PROTOKOŁU","DODANY")) -> BRAK PROTOKOŁU | M61: {=IF($A61="","",IFERROR(TRANSPOSE(_xlfn._xlws.FILTER(Lokale!$C$3:$C$91,Lokale!$B$3:$B$91=$A61)),""))} -> 170 (Glamour) | N61: 171 (Starter Dworzec) | O61: 172 (Starter Przyloty) | P61: 173 (LMDL2) | Q61: 174 (Zoom NS) | R61: 175 (Ministore NS) | S61: 176 (Zoom odloty) | T61: 177 (Spirit of Poland) | U61: 178 (Multistore) | V61: 179 (ZOOM) | W61: 180 (Starter odloty) | X61: 181 (Bestseller) | Y61: 182 (Zoom palarnia) | Z61: 183 (LMDL) | AA61: 187 (Zoom NS) | AB61: 208 (PIZZA) | AC61: 532 (Magazyn) | AD61: Wszystkie lokale | AJ61: {=IF($C61="","",IFERROR(TRANSPOSE(_xlfn._xlws.FILTER(Listy!$D$2:$D$60,Listy!$C$2:$C$60=$C61)),""))} -> Elektryczny (roczny) | AK61: Elektryczny (5-cio letni) | AL61: Systemy PPOŻ | AM61: Gaśnice | AN61: Klimatyzacja | AO61: Alarmy | AP61: Hydranty | AQ61: Rolety | AR61: Wentylacja | AS61: Wymiana filtrów | AT61: Regałów magazynowych | AU61: CRO | AV61: Mroźnia/Chłodnia | AW61: Regały chłodnicze | AX61: Separatory tłuszczu | AY61: Vendingi | AZ61: UDT (wózki widłowe, paleciaki) | BA61: BHP (drabiny, schodki, podesty) | BB61: Ansul | BC61: Okap | BD61: Brama garażowa | BE61: Żaluzje (gastro) | BF61: Bramki antykradzieżowe | BG61: Mycie jednostek klimatyzacji
A62: WARSZAWA | B62: 171 (Starter Dworzec) | C62: Główny | D62: Gaśnice | G62: =IF(OR(E62="",F62=""),"",DATE(YEAR(E62),MONTH(E62)+F62,DAY(E62))) | H62: =IF(G62="","",IF(G62<TODAY(),"PO TERMINIE",IF(G62<=TODAY()+14,"DO WYKONANIA","OK"))) | J62: =IF(COUNTA(A62:F62)=0,"",IF(I62="","BRAK PROTOKOŁU","DODANY")) -> BRAK PROTOKOŁU | M62: {=IF($A62="","",IFERROR(TRANSPOSE(_xlfn._xlws.FILTER(Lokale!$C$3:$C$91,Lokale!$B$3:$B$91=$A62)),""))} -> 170 (Glamour) | N62: 171 (Starter Dworzec) | O62: 172 (Starter Przyloty) | P62: 173 (LMDL2) | Q62: 174 (Zoom NS) | R62: 175 (Ministore NS) | S62: 176 (Zoom odloty) | T62: 177 (Spirit of Poland) | U62: 178 (Multistore) | V62: 179 (ZOOM) | W62: 180 (Starter odloty) | X62: 181 (Bestseller) | Y62: 182 (Zoom palarnia) | Z62: 183 (LMDL) | AA62: 187 (Zoom NS) | AB62: 208 (PIZZA) | AC62: 532 (Magazyn) | AD62: Wszystkie lokale | AJ62: {=IF($C62="","",IFERROR(TRANSPOSE(_xlfn._xlws.FILTER(Listy!$D$2:$D$60,Listy!$C$2:$C$60=$C62)),""))} -> Elektryczny (roczny) | AK62: Elektryczny (5-cio letni) | AL62: Systemy PPOŻ | AM62: Gaśnice | AN62: Klimatyzacja | AO62: Alarmy | AP62: Hydranty | AQ62: Rolety | AR62: Wentylacja | AS62: Wymiana filtrów | AT62: Regałów magazynowych | AU62: CRO | AV62: Mroźnia/Chłodnia | AW62: Regały chłodnicze | AX62: Separatory tłuszczu | AY62: Vendingi | AZ62: UDT (wózki widłowe, paleciaki) | BA62: BHP (drabiny, schodki, podesty) | BB62: Ansul | BC62: Okap | BD62: Brama garażowa | BE62: Żaluzje (gastro) | BF62: Bramki antykradzieżowe | BG62: Mycie jednostek klimatyzacji
A63: WARSZAWA | B63: 171 (Starter Dworzec) | C63: Główny | D63: Alarmy | G63: =IF(OR(E63="",F63=""),"",DATE(YEAR(E63),MONTH(E63)+F63,DAY(E63))) | H63: =IF(G63="","",IF(G63<TODAY(),"PO TERMINIE",IF(G63<=TODAY()+14,"DO WYKONANIA","OK"))) | J63: =IF(COUNTA(A63:F63)=0,"",IF(I63="","BRAK PROTOKOŁU","DODANY")) -> BRAK PROTOKOŁU | M63: {=IF($A63="","",IFERROR(TRANSPOSE(_xlfn._xlws.FILTER(Lokale!$C$3:$C$91,Lokale!$B$3:$B$91=$A63)),""))} -> 170 (Glamour) | N63: 171 (Starter Dworzec) | O63: 172 (Starter Przyloty) | P63: 173 (LMDL2) | Q63: 174 (Zoom NS) | R63: 175 (Ministore NS) | S63: 176 (Zoom odloty) | T63: 177 (Spirit of Poland) | U63: 178 (Multistore) | V63: 179 (ZOOM) | W63: 180 (Starter odloty) | X63: 181 (Bestseller) | Y63: 182 (Zoom palarnia) | Z63: 183 (LMDL) | AA63: 187 (Zoom NS) | AB63: 208 (PIZZA) | AC63: 532 (Magazyn) | AD63: Wszystkie lokale | AJ63: {=IF($C63="","",IFERROR(TRANSPOSE(_xlfn._xlws.FILTER(Listy!$D$2:$D$60,Listy!$C$2:$C$60=$C63)),""))} -> Elektryczny (roczny) | AK63: Elektryczny (5-cio letni) | AL63: Systemy PPOŻ | AM63: Gaśnice | AN63: Klimatyzacja | AO63: Alarmy | AP63: Hydranty | AQ63: Rolety | AR63: Wentylacja | AS63: Wymiana filtrów | AT63: Regałów magazynowych | AU63: CRO | AV63: Mroźnia/Chłodnia | AW63: Regały chłodnicze | AX63: Separatory tłuszczu | AY63: Vendingi | AZ63: UDT (wózki widłowe, paleciaki) | BA63: BHP (drabiny, schodki, podesty) | BB63: Ansul | BC63: Okap | BD63: Brama garażowa | BE63: Żaluzje (gastro) | BF63: Bramki antykradzieżowe | BG63: Mycie jednostek klimatyzacji
A64: WARSZAWA | B64: 171 (Starter Dworzec) | C64: Główny | D64: Rolety | G64: =IF(OR(E64="",F64=""),"",DATE(YEAR(E64),MONTH(E64)+F64,DAY(E64))) | H64: =IF(G64="","",IF(G64<TODAY(),"PO TERMINIE",IF(G64<=TODAY()+14,"DO WYKONANIA","OK"))) | J64: =IF(COUNTA(A64:F64)=0,"",IF(I64="","BRAK PROTOKOŁU","DODANY")) -> BRAK PROTOKOŁU | M64: {=IF($A64="","",IFERROR(TRANSPOSE(_xlfn._xlws.FILTER(Lokale!$C$3:$C$91,Lokale!$B$3:$B$91=$A64)),""))} -> 170 (Glamour) | N64: 171 (Starter Dworzec) | O64: 172 (Starter Przyloty) | P64: 173 (LMDL2) | Q64: 174 (Zoom NS) | R64: 175 (Ministore NS) | S64: 176 (Zoom odloty) | T64: 177 (Spirit of Poland) | U64: 178 (Multistore) | V64: 179 (ZOOM) | W64: 180 (Starter odloty) | X64: 181 (Bestseller) | Y64: 182 (Zoom palarnia) | Z64: 183 (LMDL) | AA64: 187 (Zoom NS) | AB64: 208 (PIZZA) | AC64: 532 (Magazyn) | AD64: Wszystkie lokale | AJ64: {=IF($C64="","",IFERROR(TRANSPOSE(_xlfn._xlws.FILTER(Listy!$D$2:$D$60,Listy!$C$2:$C$60=$C64)),""))} -> Elektryczny (roczny) | AK64: Elektryczny (5-cio letni) | AL64: Systemy PPOŻ | AM64: Gaśnice | AN64: Klimatyzacja | AO64: Alarmy | AP64: Hydranty | AQ64: Rolety | AR64: Wentylacja | AS64: Wymiana filtrów | AT64: Regałów magazynowych | AU64: CRO | AV64: Mroźnia/Chłodnia | AW64: Regały chłodnicze | AX64: Separatory tłuszczu | AY64: Vendingi | AZ64: UDT (wózki widłowe, paleciaki) | BA64: BHP (drabiny, schodki, podesty) | BB64: Ansul | BC64: Okap | BD64: Brama garażowa | BE64: Żaluzje (gastro) | BF64: Bramki antykradzieżowe | BG64: Mycie jednostek klimatyzacji
A65: WARSZAWA | B65: 171 (Starter Dworzec) | C65: Główny | D65: Bramki antykradzieżowe | G65: =IF(OR(E65="",F65=""),"",DATE(YEAR(E65),MONTH(E65)+F65,DAY(E65))) | H65: =IF(G65="","",IF(G65<TODAY(),"PO TERMINIE",IF(G65<=TODAY()+14,"DO WYKONANIA","OK"))) | J65: =IF(COUNTA(A65:F65)=0,"",IF(I65="","BRAK PROTOKOŁU","DODANY")) -> BRAK PROTOKOŁU | M65: {=IF($A65="","",IFERROR(TRANSPOSE(_xlfn._xlws.FILTER(Lokale!$C$3:$C$91,Lokale!$B$3:$B$91=$A65)),""))} -> 170 (Glamour) | N65: 171 (Starter Dworzec) | O65: 172 (Starter Przyloty) | P65: 173 (LMDL2) | Q65: 174 (Zoom NS) | R65: 175 (Ministore NS) | S65: 176 (Zoom odloty) | T65: 177 (Spirit of Poland) | U65: 178 (Multistore) | V65: 179 (ZOOM) | W65: 180 (Starter odloty) | X65: 181 (Bestseller) | Y65: 182 (Zoom palarnia) | Z65: 183 (LMDL) | AA65: 187 (Zoom NS) | AB65: 208 (PIZZA) | AC65: 532 (Magazyn) | AD65: Wszystkie lokale | AJ65: {=IF($C65="","",IFERROR(TRANSPOSE(_xlfn._xlws.FILTER(Listy!$D$2:$D$60,Listy!$C$2:$C$60=$C65)),""))} -> Elektryczny (roczny) | AK65: Elektryczny (5-cio letni) | AL65: Systemy PPOŻ | AM65: Gaśnice | AN65: Klimatyzacja | AO65: Alarmy | AP65: Hydranty | AQ65: Rolety | AR65: Wentylacja | AS65: Wymiana filtrów | AT65: Regałów magazynowych | AU65: CRO | AV65: Mroźnia/Chłodnia | AW65: Regały chłodnicze | AX65: Separatory tłuszczu | AY65: Vendingi | AZ65: UDT (wózki widłowe, paleciaki) | BA65: BHP (drabiny, schodki, podesty) | BB65: Ansul | BC65: Okap | BD65: Brama garażowa | BE65: Żaluzje (gastro) | BF65: Bramki antykradzieżowe | BG65: Mycie jednostek klimatyzacji
A66: WARSZAWA | B66: 171 (Starter Dworzec) | C66: Główny | D66: Wentylacja | G66: =IF(OR(E66="",F66=""),"",DATE(YEAR(E66),MONTH(E66)+F66,DAY(E66))) | H66: =IF(G66="","",IF(G66<TODAY(),"PO TERMINIE",IF(G66<=TODAY()+14,"DO WYKONANIA","OK"))) | J66: =IF(COUNTA(A66:F66)=0,"",IF(I66="","BRAK PROTOKOŁU","DODANY")) -> BRAK PROTOKOŁU | M66: {=IF($A66="","",IFERROR(TRANSPOSE(_xlfn._xlws.FILTER(Lokale!$C$3:$C$91,Lokale!$B$3:$B$91=$A66)),""))} -> 170 (Glamour) | N66: 171 (Starter Dworzec) | O66: 172 (Starter Przyloty) | P66: 173 (LMDL2) | Q66: 174 (Zoom NS) | R66: 175 (Ministore NS) | S66: 176 (Zoom odloty) | T66: 177 (Spirit of Poland) | U66: 178 (Multistore) | V66: 179 (ZOOM) | W66: 180 (Starter odloty) | X66: 181 (Bestseller) | Y66: 182 (Zoom palarnia) | Z66: 183 (LMDL) | AA66: 187 (Zoom NS) | AB66: 208 (PIZZA) | AC66: 532 (Magazyn) | AD66: Wszystkie lokale | AJ66: {=IF($C66="","",IFERROR(TRANSPOSE(_xlfn._xlws.FILTER(Listy!$D$2:$D$60,Listy!$C$2:$C$60=$C66)),""))} -> Elektryczny (roczny) | AK66: Elektryczny (5-cio letni) | AL66: Systemy PPOŻ | AM66: Gaśnice | AN66: Klimatyzacja | AO66: Alarmy | AP66: Hydranty | AQ66: Rolety | AR66: Wentylacja | AS66: Wymiana filtrów | AT66: Regałów magazynowych | AU66: CRO | AV66: Mroźnia/Chłodnia | AW66: Regały chłodnicze | AX66: Separatory tłuszczu | AY66: Vendingi | AZ66: UDT (wózki widłowe, paleciaki) | BA66: BHP (drabiny, schodki, podesty) | BB66: Ansul | BC66: Okap | BD66: Brama garażowa | BE66: Żaluzje (gastro) | BF66: Bramki antykradzieżowe | BG66: Mycie jednostek klimatyzacji
A67: WARSZAWA | B67: 171 (Starter Dworzec) | C67: Główny | D67: Wymiana filtrów | G67: =IF(OR(E67="",F67=""),"",DATE(YEAR(E67),MONTH(E67)+F67,DAY(E67))) | H67: =IF(G67="","",IF(G67<TODAY(),"PO TERMINIE",IF(G67<=TODAY()+14,"DO WYKONANIA","OK"))) | J67: =IF(COUNTA(A67:F67)=0,"",IF(I67="","BRAK PROTOKOŁU","DODANY")) -> BRAK PROTOKOŁU | M67: {=IF($A67="","",IFERROR(TRANSPOSE(_xlfn._xlws.FILTER(Lokale!$C$3:$C$91,Lokale!$B$3:$B$91=$A67)),""))} -> 170 (Glamour) | N67: 171 (Starter Dworzec) | O67: 172 (Starter Przyloty) | P67: 173 (LMDL2) | Q67: 174 (Zoom NS) | R67: 175 (Ministore NS) | S67: 176 (Zoom odloty) | T67: 177 (Spirit of Poland) | U67: 178 (Multistore) | V67: 179 (ZOOM) | W67: 180 (Starter odloty) | X67: 181 (Bestseller) | Y67: 182 (Zoom palarnia) | Z67: 183 (LMDL) | AA67: 187 (Zoom NS) | AB67: 208 (PIZZA) | AC67: 532 (Magazyn) | AD67: Wszystkie lokale | AJ67: {=IF($C67="","",IFERROR(TRANSPOSE(_xlfn._xlws.FILTER(Listy!$D$2:$D$60,Listy!$C$2:$C$60=$C67)),""))} -> Elektryczny (roczny) | AK67: Elektryczny (5-cio letni) | AL67: Systemy PPOŻ | AM67: Gaśnice | AN67: Klimatyzacja | AO67: Alarmy | AP67: Hydranty | AQ67: Rolety | AR67: Wentylacja | AS67: Wymiana filtrów | AT67: Regałów magazynowych | AU67: CRO | AV67: Mroźnia/Chłodnia | AW67: Regały chłodnicze | AX67: Separatory tłuszczu | AY67: Vendingi | AZ67: UDT (wózki widłowe, paleciaki) | BA67: BHP (drabiny, schodki, podesty) | BB67: Ansul | BC67: Okap | BD67: Brama garażowa | BE67: Żaluzje (gastro) | BF67: Bramki antykradzieżowe | BG67: Mycie jednostek klimatyzacji
A68: WARSZAWA | B68: 171 (Starter Dworzec) | C68: Główny | D68: BHP (drabiny, schodki, podesty) | G68: =IF(OR(E68="",F68=""),"",DATE(YEAR(E68),MONTH(E68)+F68,DAY(E68))) | H68: =IF(G68="","",IF(G68<TODAY(),"PO TERMINIE",IF(G68<=TODAY()+14,"DO WYKONANIA","OK"))) | J68: =IF(COUNTA(A68:F68)=0,"",IF(I68="","BRAK PROTOKOŁU","DODANY")) -> BRAK PROTOKOŁU | M68: {=IF($A68="","",IFERROR(TRANSPOSE(_xlfn._xlws.FILTER(Lokale!$C$3:$C$91,Lokale!$B$3:$B$91=$A68)),""))} -> 170 (Glamour) | N68: 171 (Starter Dworzec) | O68: 172 (Starter Przyloty) | P68: 173 (LMDL2) | Q68: 174 (Zoom NS) | R68: 175 (Ministore NS) | S68: 176 (Zoom odloty) | T68: 177 (Spirit of Poland) | U68: 178 (Multistore) | V68: 179 (ZOOM) | W68: 180 (Starter odloty) | X68: 181 (Bestseller) | Y68: 182 (Zoom palarnia) | Z68: 183 (LMDL) | AA68: 187 (Zoom NS) | AB68: 208 (PIZZA) | AC68: 532 (Magazyn) | AD68: Wszystkie lokale | AJ68: {=IF($C68="","",IFERROR(TRANSPOSE(_xlfn._xlws.FILTER(Listy!$D$2:$D$60,Listy!$C$2:$C$60=$C68)),""))} -> Elektryczny (roczny) | AK68: Elektryczny (5-cio letni) | AL68: Systemy PPOŻ | AM68: Gaśnice | AN68: Klimatyzacja | AO68: Alarmy | AP68: Hydranty | AQ68: Rolety | AR68: Wentylacja | AS68: Wymiana filtrów | AT68: Regałów magazynowych | AU68: CRO | AV68: Mroźnia/Chłodnia | AW68: Regały chłodnicze | AX68: Separatory tłuszczu | AY68: Vendingi | AZ68: UDT (wózki widłowe, paleciaki) | BA68: BHP (drabiny, schodki, podesty) | BB68: Ansul | BC68: Okap | BD68: Brama garażowa | BE68: Żaluzje (gastro) | BF68: Bramki antykradzieżowe | BG68: Mycie jednostek klimatyzacji
A69: WARSZAWA | B69: 171 (Starter Dworzec) | C69: Poboczny | D69: Oświetlenie | G69: =IF(OR(E69="",F69=""),"",DATE(YEAR(E69),MONTH(E69)+F69,DAY(E69))) | H69: =IF(G69="","",IF(G69<TODAY(),"PO TERMINIE",IF(G69<=TODAY()+14,"DO WYKONANIA","OK"))) | J69: =IF(COUNTA(A69:F69)=0,"",IF(I69="","BRAK PROTOKOŁU","DODANY")) -> BRAK PROTOKOŁU | M69: {=IF($A69="","",IFERROR(TRANSPOSE(_xlfn._xlws.FILTER(Lokale!$C$3:$C$91,Lokale!$B$3:$B$91=$A69)),""))} -> 170 (Glamour) | N69: 171 (Starter Dworzec) | O69: 172 (Starter Przyloty) | P69: 173 (LMDL2) | Q69: 174 (Zoom NS) | R69: 175 (Ministore NS) | S69: 176 (Zoom odloty) | T69: 177 (Spirit of Poland) | U69: 178 (Multistore) | V69: 179 (ZOOM) | W69: 180 (Starter odloty) | X69: 181 (Bestseller) | Y69: 182 (Zoom palarnia) | Z69: 183 (LMDL) | AA69: 187 (Zoom NS) | AB69: 208 (PIZZA) | AC69: 532 (Magazyn) | AD69: Wszystkie lokale | AJ69: {=IF($C69="","",IFERROR(TRANSPOSE(_xlfn._xlws.FILTER(Listy!$D$2:$D$60,Listy!$C$2:$C$60=$C69)),""))} -> Klamki na kod | AK69: Oświetlenie | AL69: Drzwi przeciwpożarowe | AM69: Drzwi na zaplecze | AN69: Systemy multmedialne | AO69: Posadzki, wykładziny | AP69: Kontrola kurzu | AQ69: Light boxy | AR69: Floorboxy | AS69: Meble | AT69: Szyby | AU69: Lampy owadobójcze | AV69: Samochody | AW69: Windy w samochodach | AX69: Sprawdzenie pompy odpływowej
A70: WARSZAWA | B70: 171 (Starter Dworzec) | C70: Poboczny | D70: Drzwi przeciwpożarowe | G70: =IF(OR(E70="",F70=""),"",DATE(YEAR(E70),MONTH(E70)+F70,DAY(E70))) | H70: =IF(G70="","",IF(G70<TODAY(),"PO TERMINIE",IF(G70<=TODAY()+14,"DO WYKONANIA","OK"))) | J70: =IF(COUNTA(A70:F70)=0,"",IF(I70="","BRAK PROTOKOŁU","DODANY")) -> BRAK PROTOKOŁU | M70: {=IF($A70="","",IFERROR(TRANSPOSE(_xlfn._xlws.FILTER(Lokale!$C$3:$C$91,Lokale!$B$3:$B$91=$A70)),""))} -> 170 (Glamour) | N70: 171 (Starter Dworzec) | O70: 172 (Starter Przyloty) | P70: 173 (LMDL2) | Q70: 174 (Zoom NS) | R70: 175 (Ministore NS) | S70: 176 (Zoom odloty) | T70: 177 (Spirit of Poland) | U70: 178 (Multistore) | V70: 179 (ZOOM) | W70: 180 (Starter odloty) | X70: 181 (Bestseller) | Y70: 182 (Zoom palarnia) | Z70: 183 (LMDL) | AA70: 187 (Zoom NS) | AB70: 208 (PIZZA) | AC70: 532 (Magazyn) | AD70: Wszystkie lokale | AJ70: {=IF($C70="","",IFERROR(TRANSPOSE(_xlfn._xlws.FILTER(Listy!$D$2:$D$60,Listy!$C$2:$C$60=$C70)),""))} -> Klamki na kod | AK70: Oświetlenie | AL70: Drzwi przeciwpożarowe | AM70: Drzwi na zaplecze | AN70: Systemy multmedialne | AO70: Posadzki, wykładziny | AP70: Kontrola kurzu | AQ70: Light boxy | AR70: Floorboxy | AS70: Meble | AT70: Szyby | AU70: Lampy owadobójcze | AV70: Samochody | AW70: Windy w samochodach | AX70: Sprawdzenie pompy odpływowej
A71: WARSZAWA | B71: 171 (Starter Dworzec) | C71: Poboczny | D71: Drzwi na zaplecze | G71: =IF(OR(E71="",F71=""),"",DATE(YEAR(E71),MONTH(E71)+F71,DAY(E71))) | H71: =IF(G71="","",IF(G71<TODAY(),"PO TERMINIE",IF(G71<=TODAY()+14,"DO WYKONANIA","OK"))) | J71: =IF(COUNTA(A71:F71)=0,"",IF(I71="","BRAK PROTOKOŁU","DODANY")) -> BRAK PROTOKOŁU | M71: {=IF($A71="","",IFERROR(TRANSPOSE(_xlfn._xlws.FILTER(Lokale!$C$3:$C$91,Lokale!$B$3:$B$91=$A71)),""))} -> 170 (Glamour) | N71: 171 (Starter Dworzec) | O71: 172 (Starter Przyloty) | P71: 173 (LMDL2) | Q71: 174 (Zoom NS) | R71: 175 (Ministore NS) | S71: 176 (Zoom odloty) | T71: 177 (Spirit of Poland) | U71: 178 (Multistore) | V71: 179 (ZOOM) | W71: 180 (Starter odloty) | X71: 181 (Bestseller) | Y71: 182 (Zoom palarnia) | Z71: 183 (LMDL) | AA71: 187 (Zoom NS) | AB71: 208 (PIZZA) | AC71: 532 (Magazyn) | AD71: Wszystkie lokale | AJ71: {=IF($C71="","",IFERROR(TRANSPOSE(_xlfn._xlws.FILTER(Listy!$D$2:$D$60,Listy!$C$2:$C$60=$C71)),""))} -> Klamki na kod | AK71: Oświetlenie | AL71: Drzwi przeciwpożarowe | AM71: Drzwi na zaplecze | AN71: Systemy multmedialne | AO71: Posadzki, wykładziny | AP71: Kontrola kurzu | AQ71: Light boxy | AR71: Floorboxy | AS71: Meble | AT71: Szyby | AU71: Lampy owadobójcze | AV71: Samochody | AW71: Windy w samochodach | AX71: Sprawdzenie pompy odpływowej
A72: WARSZAWA | B72: 171 (Starter Dworzec) | C72: Poboczny | D72: Systemy multmedialne | G72: =IF(OR(E72="",F72=""),"",DATE(YEAR(E72),MONTH(E72)+F72,DAY(E72))) | H72: =IF(G72="","",IF(G72<TODAY(),"PO TERMINIE",IF(G72<=TODAY()+14,"DO WYKONANIA","OK"))) | J72: =IF(COUNTA(A72:F72)=0,"",IF(I72="","BRAK PROTOKOŁU","DODANY")) -> BRAK PROTOKOŁU | M72: {=IF($A72="","",IFERROR(TRANSPOSE(_xlfn._xlws.FILTER(Lokale!$C$3:$C$91,Lokale!$B$3:$B$91=$A72)),""))} -> 170 (Glamour) | N72: 171 (Starter Dworzec) | O72: 172 (Starter Przyloty) | P72: 173 (LMDL2) | Q72: 174 (Zoom NS) | R72: 175 (Ministore NS) | S72: 176 (Zoom odloty) | T72: 177 (Spirit of Poland) | U72: 178 (Multistore) | V72: 179 (ZOOM) | W72: 180 (Starter odloty) | X72: 181 (Bestseller) | Y72: 182 (Zoom palarnia) | Z72: 183 (LMDL) | AA72: 187 (Zoom NS) | AB72: 208 (PIZZA) | AC72: 532 (Magazyn) | AD72: Wszystkie lokale | AJ72: {=IF($C72="","",IFERROR(TRANSPOSE(_xlfn._xlws.FILTER(Listy!$D$2:$D$60,Listy!$C$2:$C$60=$C72)),""))} -> Klamki na kod | AK72: Oświetlenie | AL72: Drzwi przeciwpożarowe | AM72: Drzwi na zaplecze | AN72: Systemy multmedialne | AO72: Posadzki, wykładziny | AP72: Kontrola kurzu | AQ72: Light boxy | AR72: Floorboxy | AS72: Meble | AT72: Szyby | AU72: Lampy owadobójcze | AV72: Samochody | AW72: Windy w samochodach | AX72: Sprawdzenie pompy odpływowej
A73: WARSZAWA | B73: 171 (Starter Dworzec) | C73: Poboczny | D73: Kontrola kurzu | G73: =IF(OR(E73="",F73=""),"",DATE(YEAR(E73),MONTH(E73)+F73,DAY(E73))) | H73: =IF(G73="","",IF(G73<TODAY(),"PO TERMINIE",IF(G73<=TODAY()+14,"DO WYKONANIA","OK"))) | J73: =IF(COUNTA(A73:F73)=0,"",IF(I73="","BRAK PROTOKOŁU","DODANY")) -> BRAK PROTOKOŁU | M73: {=IF($A73="","",IFERROR(TRANSPOSE(_xlfn._xlws.FILTER(Lokale!$C$3:$C$91,Lokale!$B$3:$B$91=$A73)),""))} -> 170 (Glamour) | N73: 171 (Starter Dworzec) | O73: 172 (Starter Przyloty) | P73: 173 (LMDL2) | Q73: 174 (Zoom NS) | R73: 175 (Ministore NS) | S73: 176 (Zoom odloty) | T73: 177 (Spirit of Poland) | U73: 178 (Multistore) | V73: 179 (ZOOM) | W73: 180 (Starter odloty) | X73: 181 (Bestseller) | Y73: 182 (Zoom palarnia) | Z73: 183 (LMDL) | AA73: 187 (Zoom NS) | AB73: 208 (PIZZA) | AC73: 532 (Magazyn) | AD73: Wszystkie lokale | AJ73: {=IF($C73="","",IFERROR(TRANSPOSE(_xlfn._xlws.FILTER(Listy!$D$2:$D$60,Listy!$C$2:$C$60=$C73)),""))} -> Klamki na kod | AK73: Oświetlenie | AL73: Drzwi przeciwpożarowe | AM73: Drzwi na zaplecze | AN73: Systemy multmedialne | AO73: Posadzki, wykładziny | AP73: Kontrola kurzu | AQ73: Light boxy | AR73: Floorboxy | AS73: Meble | AT73: Szyby | AU73: Lampy owadobójcze | AV73: Samochody | AW73: Windy w samochodach | AX73: Sprawdzenie pompy odpływowej
A74: WARSZAWA | B74: 171 (Starter Dworzec) | C74: Poboczny | D74: Light boxy | G74: =IF(OR(E74="",F74=""),"",DATE(YEAR(E74),MONTH(E74)+F74,DAY(E74))) | H74: =IF(G74="","",IF(G74<TODAY(),"PO TERMINIE",IF(G74<=TODAY()+14,"DO WYKONANIA","OK"))) | J74: =IF(COUNTA(A74:F74)=0,"",IF(I74="","BRAK PROTOKOŁU","DODANY")) -> BRAK PROTOKOŁU | M74: {=IF($A74="","",IFERROR(TRANSPOSE(_xlfn._xlws.FILTER(Lokale!$C$3:$C$91,Lokale!$B$3:$B$91=$A74)),""))} -> 170 (Glamour) | N74: 171 (Starter Dworzec) | O74: 172 (Starter Przyloty) | P74: 173 (LMDL2) | Q74: 174 (Zoom NS) | R74: 175 (Ministore NS) | S74: 176 (Zoom odloty) | T74: 177 (Spirit of Poland) | U74: 178 (Multistore) | V74: 179 (ZOOM) | W74: 180 (Starter odloty) | X74: 181 (Bestseller) | Y74: 182 (Zoom palarnia) | Z74: 183 (LMDL) | AA74: 187 (Zoom NS) | AB74: 208 (PIZZA) | AC74: 532 (Magazyn) | AD74: Wszystkie lokale | AJ74: {=IF($C74="","",IFERROR(TRANSPOSE(_xlfn._xlws.FILTER(Listy!$D$2:$D$60,Listy!$C$2:$C$60=$C74)),""))} -> Klamki na kod | AK74: Oświetlenie | AL74: Drzwi przeciwpożarowe | AM74: Drzwi na zaplecze | AN74: Systemy multmedialne | AO74: Posadzki, wykładziny | AP74: Kontrola kurzu | AQ74: Light boxy | AR74: Floorboxy | AS74: Meble | AT74: Szyby | AU74: Lampy owadobójcze | AV74: Samochody | AW74: Windy w samochodach | AX74: Sprawdzenie pompy odpływowej
A75: WARSZAWA | B75: 171 (Starter Dworzec) | C75: Poboczny | D75: Floorboxy | G75: =IF(OR(E75="",F75=""),"",DATE(YEAR(E75),MONTH(E75)+F75,DAY(E75))) | H75: =IF(G75="","",IF(G75<TODAY(),"PO TERMINIE",IF(G75<=TODAY()+14,"DO WYKONANIA","OK"))) | J75: =IF(COUNTA(A75:F75)=0,"",IF(I75="","BRAK PROTOKOŁU","DODANY")) -> BRAK PROTOKOŁU | M75: {=IF($A75="","",IFERROR(TRANSPOSE(_xlfn._xlws.FILTER(Lokale!$C$3:$C$91,Lokale!$B$3:$B$91=$A75)),""))} -> 170 (Glamour) | N75: 171 (Starter Dworzec) | O75: 172 (Starter Przyloty) | P75: 173 (LMDL2) | Q75: 174 (Zoom NS) | R75: 175 (Ministore NS) | S75: 176 (Zoom odloty) | T75: 177 (Spirit of Poland) | U75: 178 (Multistore) | V75: 179 (ZOOM) | W75: 180 (Starter odloty) | X75: 181 (Bestseller) | Y75: 182 (Zoom palarnia) | Z75: 183 (LMDL) | AA75: 187 (Zoom NS) | AB75: 208 (PIZZA) | AC75: 532 (Magazyn) | AD75: Wszystkie lokale | AJ75: {=IF($C75="","",IFERROR(TRANSPOSE(_xlfn._xlws.FILTER(Listy!$D$2:$D$60,Listy!$C$2:$C$60=$C75)),""))} -> Klamki na kod | AK75: Oświetlenie | AL75: Drzwi przeciwpożarowe | AM75: Drzwi na zaplecze | AN75: Systemy multmedialne | AO75: Posadzki, wykładziny | AP75: Kontrola kurzu | AQ75: Light boxy | AR75: Floorboxy | AS75: Meble | AT75: Szyby | AU75: Lampy owadobójcze | AV75: Samochody | AW75: Windy w samochodach | AX75: Sprawdzenie pompy odpływowej
A76: WARSZAWA | B76: 171 (Starter Dworzec) | C76: Poboczny | D76: Meble | G76: =IF(OR(E76="",F76=""),"",DATE(YEAR(E76),MONTH(E76)+F76,DAY(E76))) | H76: =IF(G76="","",IF(G76<TODAY(),"PO TERMINIE",IF(G76<=TODAY()+14,"DO WYKONANIA","OK"))) | J76: =IF(COUNTA(A76:F76)=0,"",IF(I76="","BRAK PROTOKOŁU","DODANY")) -> BRAK PROTOKOŁU | M76: {=IF($A76="","",IFERROR(TRANSPOSE(_xlfn._xlws.FILTER(Lokale!$C$3:$C$91,Lokale!$B$3:$B$91=$A76)),""))} -> 170 (Glamour) | N76: 171 (Starter Dworzec) | O76: 172 (Starter Przyloty) | P76: 173 (LMDL2) | Q76: 174 (Zoom NS) | R76: 175 (Ministore NS) | S76: 176 (Zoom odloty) | T76: 177 (Spirit of Poland) | U76: 178 (Multistore) | V76: 179 (ZOOM) | W76: 180 (Starter odloty) | X76: 181 (Bestseller) | Y76: 182 (Zoom palarnia) | Z76: 183 (LMDL) | AA76: 187 (Zoom NS) | AB76: 208 (PIZZA) | AC76: 532 (Magazyn) | AD76: Wszystkie lokale | AJ76: {=IF($C76="","",IFERROR(TRANSPOSE(_xlfn._xlws.FILTER(Listy!$D$2:$D$60,Listy!$C$2:$C$60=$C76)),""))} -> Klamki na kod | AK76: Oświetlenie | AL76: Drzwi przeciwpożarowe | AM76: Drzwi na zaplecze | AN76: Systemy multmedialne | AO76: Posadzki, wykładziny | AP76: Kontrola kurzu | AQ76: Light boxy | AR76: Floorboxy | AS76: Meble | AT76: Szyby | AU76: Lampy owadobójcze | AV76: Samochody | AW76: Windy w samochodach | AX76: Sprawdzenie pompy odpływowej
A77: WARSZAWA | B77: 171 (Starter Dworzec) | C77: Poboczny | D77: Szyby | G77: =IF(OR(E77="",F77=""),"",DATE(YEAR(E77),MONTH(E77)+F77,DAY(E77))) | H77: =IF(G77="","",IF(G77<TODAY(),"PO TERMINIE",IF(G77<=TODAY()+14,"DO WYKONANIA","OK"))) | J77: =IF(COUNTA(A77:F77)=0,"",IF(I77="","BRAK PROTOKOŁU","DODANY")) -> BRAK PROTOKOŁU | M77: {=IF($A77="","",IFERROR(TRANSPOSE(_xlfn._xlws.FILTER(Lokale!$C$3:$C$91,Lokale!$B$3:$B$91=$A77)),""))} -> 170 (Glamour) | N77: 171 (Starter Dworzec) | O77: 172 (Starter Przyloty) | P77: 173 (LMDL2) | Q77: 174 (Zoom NS) | R77: 175 (Ministore NS) | S77: 176 (Zoom odloty) | T77: 177 (Spirit of Poland) | U77: 178 (Multistore) | V77: 179 (ZOOM) | W77: 180 (Starter odloty) | X77: 181 (Bestseller) | Y77: 182 (Zoom palarnia) | Z77: 183 (LMDL) | AA77: 187 (Zoom NS) | AB77: 208 (PIZZA) | AC77: 532 (Magazyn) | AD77: Wszystkie lokale | AJ77: {=IF($C77="","",IFERROR(TRANSPOSE(_xlfn._xlws.FILTER(Listy!$D$2:$D$60,Listy!$C$2:$C$60=$C77)),""))} -> Klamki na kod | AK77: Oświetlenie | AL77: Drzwi przeciwpożarowe | AM77: Drzwi na zaplecze | AN77: Systemy multmedialne | AO77: Posadzki, wykładziny | AP77: Kontrola kurzu | AQ77: Light boxy | AR77: Floorboxy | AS77: Meble | AT77: Szyby | AU77: Lampy owadobójcze | AV77: Samochody | AW77: Windy w samochodach | AX77: Sprawdzenie pompy odpływowej
A78: WARSZAWA | B78: 171 (Starter Dworzec) | C78: Poboczny | D78: Lampy owadobójcze | G78: =IF(OR(E78="",F78=""),"",DATE(YEAR(E78),MONTH(E78)+F78,DAY(E78))) | H78: =IF(G78="","",IF(G78<TODAY(),"PO TERMINIE",IF(G78<=TODAY()+14,"DO WYKONANIA","OK"))) | J78: =IF(COUNTA(A78:F78)=0,"",IF(I78="","BRAK PROTOKOŁU","DODANY")) -> BRAK PROTOKOŁU | M78: {=IF($A78="","",IFERROR(TRANSPOSE(_xlfn._xlws.FILTER(Lokale!$C$3:$C$91,Lokale!$B$3:$B$91=$A78)),""))} -> 170 (Glamour) | N78: 171 (Starter Dworzec) | O78: 172 (Starter Przyloty) | P78: 173 (LMDL2) | Q78: 174 (Zoom NS) | R78: 175 (Ministore NS) | S78: 176 (Zoom odloty) | T78: 177 (Spirit of Poland) | U78: 178 (Multistore) | V78: 179 (ZOOM) | W78: 180 (Starter odloty) | X78: 181 (Bestseller) | Y78: 182 (Zoom palarnia) | Z78: 183 (LMDL) | AA78: 187 (Zoom NS) | AB78: 208 (PIZZA) | AC78: 532 (Magazyn) | AD78: Wszystkie lokale | AJ78: {=IF($C78="","",IFERROR(TRANSPOSE(_xlfn._xlws.FILTER(Listy!$D$2:$D$60,Listy!$C$2:$C$60=$C78)),""))} -> Klamki na kod | AK78: Oświetlenie | AL78: Drzwi przeciwpożarowe | AM78: Drzwi na zaplecze | AN78: Systemy multmedialne | AO78: Posadzki, wykładziny | AP78: Kontrola kurzu | AQ78: Light boxy | AR78: Floorboxy | AS78: Meble | AT78: Szyby | AU78: Lampy owadobójcze | AV78: Samochody | AW78: Windy w samochodach | AX78: Sprawdzenie pompy odpływowej
A79: WARSZAWA | B79: 171 (Starter Dworzec) | C79: Główny | D79: Vendingi | G79: =IF(OR(E79="",F79=""),"",DATE(YEAR(E79),MONTH(E79)+F79,DAY(E79))) | H79: =IF(G79="","",IF(G79<TODAY(),"PO TERMINIE",IF(G79<=TODAY()+14,"DO WYKONANIA","OK"))) | J79: =IF(COUNTA(A79:F79)=0,"",IF(I79="","BRAK PROTOKOŁU","DODANY")) -> BRAK PROTOKOŁU | M79: {=IF($A79="","",IFERROR(TRANSPOSE(_xlfn._xlws.FILTER(Lokale!$C$3:$C$91,Lokale!$B$3:$B$91=$A79)),""))} -> 170 (Glamour) | N79: 171 (Starter Dworzec) | O79: 172 (Starter Przyloty) | P79: 173 (LMDL2) | Q79: 174 (Zoom NS) | R79: 175 (Ministore NS) | S79: 176 (Zoom odloty) | T79: 177 (Spirit of Poland) | U79: 178 (Multistore) | V79: 179 (ZOOM) | W79: 180 (Starter odloty) | X79: 181 (Bestseller) | Y79: 182 (Zoom palarnia) | Z79: 183 (LMDL) | AA79: 187 (Zoom NS) | AB79: 208 (PIZZA) | AC79: 532 (Magazyn) | AD79: Wszystkie lokale | AJ79: {=IF($C79="","",IFERROR(TRANSPOSE(_xlfn._xlws.FILTER(Listy!$D$2:$D$60,Listy!$C$2:$C$60=$C79)),""))} -> Elektryczny (roczny) | AK79: Elektryczny (5-cio letni) | AL79: Systemy PPOŻ | AM79: Gaśnice | AN79: Klimatyzacja | AO79: Alarmy | AP79: Hydranty | AQ79: Rolety | AR79: Wentylacja | AS79: Wymiana filtrów | AT79: Regałów magazynowych | AU79: CRO | AV79: Mroźnia/Chłodnia | AW79: Regały chłodnicze | AX79: Separatory tłuszczu | AY79: Vendingi | AZ79: UDT (wózki widłowe, paleciaki) | BA79: BHP (drabiny, schodki, podesty) | BB79: Ansul | BC79: Okap | BD79: Brama garażowa | BE79: Żaluzje (gastro) | BF79: Bramki antykradzieżowe | BG79: Mycie jednostek klimatyzacji
A80: WARSZAWA | B80: 171 (Starter Dworzec) | C80: Główny | D80: Mroźnia/Chłodnia | G80: =IF(OR(E80="",F80=""),"",DATE(YEAR(E80),MONTH(E80)+F80,DAY(E80))) | H80: =IF(G80="","",IF(G80<TODAY(),"PO TERMINIE",IF(G80<=TODAY()+14,"DO WYKONANIA","OK"))) | J80: =IF(COUNTA(A80:F80)=0,"",IF(I80="","BRAK PROTOKOŁU","DODANY")) -> BRAK PROTOKOŁU | M80: {=IF($A80="","",IFERROR(TRANSPOSE(_xlfn._xlws.FILTER(Lokale!$C$3:$C$91,Lokale!$B$3:$B$91=$A80)),""))} -> 170 (Glamour) | N80: 171 (Starter Dworzec) | O80: 172 (Starter Przyloty) | P80: 173 (LMDL2) | Q80: 174 (Zoom NS) | R80: 175 (Ministore NS) | S80: 176 (Zoom odloty) | T80: 177 (Spirit of Poland) | U80: 178 (Multistore) | V80: 179 (ZOOM) | W80: 180 (Starter odloty) | X80: 181 (Bestseller) | Y80: 182 (Zoom palarnia) | Z80: 183 (LMDL) | AA80: 187 (Zoom NS) | AB80: 208 (PIZZA) | AC80: 532 (Magazyn) | AD80: Wszystkie lokale | AJ80: {=IF($C80="","",IFERROR(TRANSPOSE(_xlfn._xlws.FILTER(Listy!$D$2:$D$60,Listy!$C$2:$C$60=$C80)),""))} -> Elektryczny (roczny) | AK80: Elektryczny (5-cio letni) | AL80: Systemy PPOŻ | AM80: Gaśnice | AN80: Klimatyzacja | AO80: Alarmy | AP80: Hydranty | AQ80: Rolety | AR80: Wentylacja | AS80: Wymiana filtrów | AT80: Regałów magazynowych | AU80: CRO | AV80: Mroźnia/Chłodnia | AW80: Regały chłodnicze | AX80: Separatory tłuszczu | AY80: Vendingi | AZ80: UDT (wózki widłowe, paleciaki) | BA80: BHP (drabiny, schodki, podesty) | BB80: Ansul | BC80: Okap | BD80: Brama garażowa | BE80: Żaluzje (gastro) | BF80: Bramki antykradzieżowe | BG80: Mycie jednostek klimatyzacji
A81: WARSZAWA | B81: 171 (Starter Dworzec) | C81: Główny | D81: Regałów magazynowych | G81: =IF(OR(E81="",F81=""),"",DATE(YEAR(E81),MONTH(E81)+F81,DAY(E81))) | H81: =IF(G81="","",IF(G81<TODAY(),"PO TERMINIE",IF(G81<=TODAY()+14,"DO WYKONANIA","OK"))) | J81: =IF(COUNTA(A81:F81)=0,"",IF(I81="","BRAK PROTOKOŁU","DODANY")) -> BRAK PROTOKOŁU | M81: {=IF($A81="","",IFERROR(TRANSPOSE(_xlfn._xlws.FILTER(Lokale!$C$3:$C$91,Lokale!$B$3:$B$91=$A81)),""))} -> 170 (Glamour) | N81: 171 (Starter Dworzec) | O81: 172 (Starter Przyloty) | P81: 173 (LMDL2) | Q81: 174 (Zoom NS) | R81: 175 (Ministore NS) | S81: 176 (Zoom odloty) | T81: 177 (Spirit of Poland) | U81: 178 (Multistore) | V81: 179 (ZOOM) | W81: 180 (Starter odloty) | X81: 181 (Bestseller) | Y81: 182 (Zoom palarnia) | Z81: 183 (LMDL) | AA81: 187 (Zoom NS) | AB81: 208 (PIZZA) | AC81: 532 (Magazyn) | AD81: Wszystkie lokale | AJ81: {=IF($C81="","",IFERROR(TRANSPOSE(_xlfn._xlws.FILTER(Listy!$D$2:$D$60,Listy!$C$2:$C$60=$C81)),""))} -> Elektryczny (roczny) | AK81: Elektryczny (5-cio letni) | AL81: Systemy PPOŻ | AM81: Gaśnice | AN81: Klimatyzacja | AO81: Alarmy | AP81: Hydranty | AQ81: Rolety | AR81: Wentylacja | AS81: Wymiana filtrów | AT81: Regałów magazynowych | AU81: CRO | AV81: Mroźnia/Chłodnia | AW81: Regały chłodnicze | AX81: Separatory tłuszczu | AY81: Vendingi | AZ81: UDT (wózki widłowe, paleciaki) | BA81: BHP (drabiny, schodki, podesty) | BB81: Ansul | BC81: Okap | BD81: Brama garażowa | BE81: Żaluzje (gastro) | BF81: Bramki antykradzieżowe | BG81: Mycie jednostek klimatyzacji
G82: =IF(OR(E82="",F82=""),"",DATE(YEAR(E82),MONTH(E82)+F82,DAY(E82))) | H82: =IF(G82="","",IF(G82<TODAY(),"PO TERMINIE",IF(G82<=TODAY()+14,"DO WYKONANIA","OK"))) | J82: =IF(COUNTA(A82:F82)=0,"",IF(I82="","BRAK PROTOKOŁU","DODANY")) | M82: {=IF($A82="","",IFERROR(TRANSPOSE(_xlfn._xlws.FILTER(Lokale!$C$3:$C$91,Lokale!$B$3:$B$91=$A82)),""))} | AJ82: {=IF($C82="","",IFERROR(TRANSPOSE(_xlfn._xlws.FILTER(Listy!$D$2:$D$60,Listy!$C$2:$C$60=$C82)),""))}
A83: WARSZAWA | B83: 172 (Starter Przyloty) | C83: Główny | D83: Elektryczny (roczny) | G83: =IF(OR(E83="",F83=""),"",DATE(YEAR(E83),MONTH(E83)+F83,DAY(E83))) | H83: =IF(G83="","",IF(G83<TODAY(),"PO TERMINIE",IF(G83<=TODAY()+14,"DO WYKONANIA","OK"))) | J83: =IF(COUNTA(A83:F83)=0,"",IF(I83="","BRAK PROTOKOŁU","DODANY")) -> BRAK PROTOKOŁU | M83: {=IF($A83="","",IFERROR(TRANSPOSE(_xlfn._xlws.FILTER(Lokale!$C$3:$C$91,Lokale!$B$3:$B$91=$A83)),""))} -> 170 (Glamour) | N83: 171 (Starter Dworzec) | O83: 172 (Starter Przyloty) | P83: 173 (LMDL2) | Q83: 174 (Zoom NS) | R83: 175 (Ministore NS) | S83: 176 (Zoom odloty) | T83: 177 (Spirit of Poland) | U83: 178 (Multistore) | V83: 179 (ZOOM) | W83: 180 (Starter odloty) | X83: 181 (Bestseller) | Y83: 182 (Zoom palarnia) | Z83: 183 (LMDL) | AA83: 187 (Zoom NS) | AB83: 208 (PIZZA) | AC83: 532 (Magazyn) | AD83: Wszystkie lokale | AJ83: {=IF($C83="","",IFERROR(TRANSPOSE(_xlfn._xlws.FILTER(Listy!$D$2:$D$60,Listy!$C$2:$C$60=$C83)),""))} -> Elektryczny (roczny) | AK83: Elektryczny (5-cio letni) | AL83: Systemy PPOŻ | AM83: Gaśnice | AN83: Klimatyzacja | AO83: Alarmy | AP83: Hydranty | AQ83: Rolety | AR83: Wentylacja | AS83: Wymiana filtrów | AT83: Regałów magazynowych | AU83: CRO | AV83: Mroźnia/Chłodnia | AW83: Regały chłodnicze | AX83: Separatory tłuszczu | AY83: Vendingi | AZ83: UDT (wózki widłowe, paleciaki) | BA83: BHP (drabiny, schodki, podesty) | BB83: Ansul | BC83: Okap | BD83: Brama garażowa | BE83: Żaluzje (gastro) | BF83: Bramki antykradzieżowe | BG83: Mycie jednostek klimatyzacji
A84: WARSZAWA | B84: 172 (Starter Przyloty) | C84: Główny | D84: Elektryczny (5-cio letni) | G84: =IF(OR(E84="",F84=""),"",DATE(YEAR(E84),MONTH(E84)+F84,DAY(E84))) | H84: =IF(G84="","",IF(G84<TODAY(),"PO TERMINIE",IF(G84<=TODAY()+14,"DO WYKONANIA","OK"))) | J84: =IF(COUNTA(A84:F84)=0,"",IF(I84="","BRAK PROTOKOŁU","DODANY")) -> BRAK PROTOKOŁU | M84: {=IF($A84="","",IFERROR(TRANSPOSE(_xlfn._xlws.FILTER(Lokale!$C$3:$C$91,Lokale!$B$3:$B$91=$A84)),""))} -> 170 (Glamour) | N84: 171 (Starter Dworzec) | O84: 172 (Starter Przyloty) | P84: 173 (LMDL2) | Q84: 174 (Zoom NS) | R84: 175 (Ministore NS) | S84: 176 (Zoom odloty) | T84: 177 (Spirit of Poland) | U84: 178 (Multistore) | V84: 179 (ZOOM) | W84: 180 (Starter odloty) | X84: 181 (Bestseller) | Y84: 182 (Zoom palarnia) | Z84: 183 (LMDL) | AA84: 187 (Zoom NS) | AB84: 208 (PIZZA) | AC84: 532 (Magazyn) | AD84: Wszystkie lokale | AJ84: {=IF($C84="","",IFERROR(TRANSPOSE(_xlfn._xlws.FILTER(Listy!$D$2:$D$60,Listy!$C$2:$C$60=$C84)),""))} -> Elektryczny (roczny) | AK84: Elektryczny (5-cio letni) | AL84: Systemy PPOŻ | AM84: Gaśnice | AN84: Klimatyzacja | AO84: Alarmy | AP84: Hydranty | AQ84: Rolety | AR84: Wentylacja | AS84: Wymiana filtrów | AT84: Regałów magazynowych | AU84: CRO | AV84: Mroźnia/Chłodnia | AW84: Regały chłodnicze | AX84: Separatory tłuszczu | AY84: Vendingi | AZ84: UDT (wózki widłowe, paleciaki) | BA84: BHP (drabiny, schodki, podesty) | BB84: Ansul | BC84: Okap | BD84: Brama garażowa | BE84: Żaluzje (gastro) | BF84: Bramki antykradzieżowe | BG84: Mycie jednostek klimatyzacji
A85: WARSZAWA | B85: 172 (Starter Przyloty) | C85: Główny | D85: Systemy PPOŻ | G85: =IF(OR(E85="",F85=""),"",DATE(YEAR(E85),MONTH(E85)+F85,DAY(E85))) | H85: =IF(G85="","",IF(G85<TODAY(),"PO TERMINIE",IF(G85<=TODAY()+14,"DO WYKONANIA","OK"))) | J85: =IF(COUNTA(A85:F85)=0,"",IF(I85="","BRAK PROTOKOŁU","DODANY")) -> BRAK PROTOKOŁU | M85: {=IF($A85="","",IFERROR(TRANSPOSE(_xlfn._xlws.FILTER(Lokale!$C$3:$C$91,Lokale!$B$3:$B$91=$A85)),""))} -> 170 (Glamour) | N85: 171 (Starter Dworzec) | O85: 172 (Starter Przyloty) | P85: 173 (LMDL2) | Q85: 174 (Zoom NS) | R85: 175 (Ministore NS) | S85: 176 (Zoom odloty) | T85: 177 (Spirit of Poland) | U85: 178 (Multistore) | V85: 179 (ZOOM) | W85: 180 (Starter odloty) | X85: 181 (Bestseller) | Y85: 182 (Zoom palarnia) | Z85: 183 (LMDL) | AA85: 187 (Zoom NS) | AB85: 208 (PIZZA) | AC85: 532 (Magazyn) | AD85: Wszystkie lokale | AJ85: {=IF($C85="","",IFERROR(TRANSPOSE(_xlfn._xlws.FILTER(Listy!$D$2:$D$60,Listy!$C$2:$C$60=$C85)),""))} -> Elektryczny (roczny) | AK85: Elektryczny (5-cio letni) | AL85: Systemy PPOŻ | AM85: Gaśnice | AN85: Klimatyzacja | AO85: Alarmy | AP85: Hydranty | AQ85: Rolety | AR85: Wentylacja | AS85: Wymiana filtrów | AT85: Regałów magazynowych | AU85: CRO | AV85: Mroźnia/Chłodnia | AW85: Regały chłodnicze | AX85: Separatory tłuszczu | AY85: Vendingi | AZ85: UDT (wózki widłowe, paleciaki) | BA85: BHP (drabiny, schodki, podesty) | BB85: Ansul | BC85: Okap | BD85: Brama garażowa | BE85: Żaluzje (gastro) | BF85: Bramki antykradzieżowe | BG85: Mycie jednostek klimatyzacji
A86: WARSZAWA | B86: 172 (Starter Przyloty) | C86: Główny | D86: Klimatyzacja | E86: 46176 | F86: 3 | G86: =IF(OR(E86="",F86=""),"",DATE(YEAR(E86),MONTH(E86)+F86,DAY(E86))) -> 46268 | H86: =IF(G86="","",IF(G86<TODAY(),"PO TERMINIE",IF(G86<=TODAY()+14,"DO WYKONANIA","OK"))) -> OK | J86: =IF(COUNTA(A86:F86)=0,"",IF(I86="","BRAK PROTOKOŁU","DODANY")) -> BRAK PROTOKOŁU | M86: {=IF($A86="","",IFERROR(TRANSPOSE(_xlfn._xlws.FILTER(Lokale!$C$3:$C$91,Lokale!$B$3:$B$91=$A86)),""))} -> 170 (Glamour) | N86: 171 (Starter Dworzec) | O86: 172 (Starter Przyloty) | P86: 173 (LMDL2) | Q86: 174 (Zoom NS) | R86: 175 (Ministore NS) | S86: 176 (Zoom odloty) | T86: 177 (Spirit of Poland) | U86: 178 (Multistore) | V86: 179 (ZOOM) | W86: 180 (Starter odloty) | X86: 181 (Bestseller) | Y86: 182 (Zoom palarnia) | Z86: 183 (LMDL) | AA86: 187 (Zoom NS) | AB86: 208 (PIZZA) | AC86: 532 (Magazyn) | AD86: Wszystkie lokale | AJ86: {=IF($C86="","",IFERROR(TRANSPOSE(_xlfn._xlws.FILTER(Listy!$D$2:$D$60,Listy!$C$2:$C$60=$C86)),""))} -> Elektryczny (roczny) | AK86: Elektryczny (5-cio letni) | AL86: Systemy PPOŻ | AM86: Gaśnice | AN86: Klimatyzacja | AO86: Alarmy | AP86: Hydranty | AQ86: Rolety | AR86: Wentylacja | AS86: Wymiana filtrów | AT86: Regałów magazynowych | AU86: CRO | AV86: Mroźnia/Chłodnia | AW86: Regały chłodnicze | AX86: Separatory tłuszczu | AY86: Vendingi | AZ86: UDT (wózki widłowe, paleciaki) | BA86: BHP (drabiny, schodki, podesty) | BB86: Ansul | BC86: Okap | BD86: Brama garażowa | BE86: Żaluzje (gastro) | BF86: Bramki antykradzieżowe | BG86: Mycie jednostek klimatyzacji
A87: WARSZAWA | B87: 173 (LMDL2) | C87: Główny | D87: Klimatyzacja | F87: 3 | G87: =IF(OR(E87="",F87=""),"",DATE(YEAR(E87),MONTH(E87)+F87,DAY(E87))) | H87: =IF(G87="","",IF(G87<TODAY(),"PO TERMINIE",IF(G87<=TODAY()+14,"DO WYKONANIA","OK"))) | J87: =IF(COUNTA(A87:F87)=0,"",IF(I87="","BRAK PROTOKOŁU","DODANY")) -> BRAK PROTOKOŁU | M87: {=IF($A87="","",IFERROR(TRANSPOSE(_xlfn._xlws.FILTER(Lokale!$C$3:$C$91,Lokale!$B$3:$B$91=$A87)),""))} -> 170 (Glamour) | N87: 171 (Starter Dworzec) | O87: 172 (Starter Przyloty) | P87: 173 (LMDL2) | Q87: 174 (Zoom NS) | R87: 175 (Ministore NS) | S87: 176 (Zoom odloty) | T87: 177 (Spirit of Poland) | U87: 178 (Multistore) | V87: 179 (ZOOM) | W87: 180 (Starter odloty) | X87: 181 (Bestseller) | Y87: 182 (Zoom palarnia) | Z87: 183 (LMDL) | AA87: 187 (Zoom NS) | AB87: 208 (PIZZA) | AC87: 532 (Magazyn) | AD87: Wszystkie lokale | AJ87: {=IF($C87="","",IFERROR(TRANSPOSE(_xlfn._xlws.FILTER(Listy!$D$2:$D$60,Listy!$C$2:$C$60=$C87)),""))} -> Elektryczny (roczny) | AK87: Elektryczny (5-cio letni) | AL87: Systemy PPOŻ | AM87: Gaśnice | AN87: Klimatyzacja | AO87: Alarmy | AP87: Hydranty | AQ87: Rolety | AR87: Wentylacja | AS87: Wymiana filtrów | AT87: Regałów magazynowych | AU87: CRO | AV87: Mroźnia/Chłodnia | AW87: Regały chłodnicze | AX87: Separatory tłuszczu | AY87: Vendingi | AZ87: UDT (wózki widłowe, paleciaki) | BA87: BHP (drabiny, schodki, podesty) | BB87: Ansul | BC87: Okap | BD87: Brama garażowa | BE87: Żaluzje (gastro) | BF87: Bramki antykradzieżowe | BG87: Mycie jednostek klimatyzacji
A88: WARSZAWA | B88: 174 (Zoom NS) | C88: Główny | D88: Klimatyzacja | E88: 46191 | F88: 3 | G88: =IF(OR(E88="",F88=""),"",DATE(YEAR(E88),MONTH(E88)+F88,DAY(E88))) -> 46283 | H88: =IF(G88="","",IF(G88<TODAY(),"PO TERMINIE",IF(G88<=TODAY()+14,"DO WYKONANIA","OK"))) -> OK | J88: =IF(COUNTA(A88:F88)=0,"",IF(I88="","BRAK PROTOKOŁU","DODANY")) -> BRAK PROTOKOŁU | M88: {=IF($A88="","",IFERROR(TRANSPOSE(_xlfn._xlws.FILTER(Lokale!$C$3:$C$91,Lokale!$B$3:$B$91=$A88)),""))} -> 170 (Glamour) | N88: 171 (Starter Dworzec) | O88: 172 (Starter Przyloty) | P88: 173 (LMDL2) | Q88: 174 (Zoom NS) | R88: 175 (Ministore NS) | S88: 176 (Zoom odloty) | T88: 177 (Spirit of Poland) | U88: 178 (Multistore) | V88: 179 (ZOOM) | W88: 180 (Starter odloty) | X88: 181 (Bestseller) | Y88: 182 (Zoom palarnia) | Z88: 183 (LMDL) | AA88: 187 (Zoom NS) | AB88: 208 (PIZZA) | AC88: 532 (Magazyn) | AD88: Wszystkie lokale | AJ88: {=IF($C88="","",IFERROR(TRANSPOSE(_xlfn._xlws.FILTER(Listy!$D$2:$D$60,Listy!$C$2:$C$60=$C88)),""))} -> Elektryczny (roczny) | AK88: Elektryczny (5-cio letni) | AL88: Systemy PPOŻ | AM88: Gaśnice | AN88: Klimatyzacja | AO88: Alarmy | AP88: Hydranty | AQ88: Rolety | AR88: Wentylacja | AS88: Wymiana filtrów | AT88: Regałów magazynowych | AU88: CRO | AV88: Mroźnia/Chłodnia | AW88: Regały chłodnicze | AX88: Separatory tłuszczu | AY88: Vendingi | AZ88: UDT (wózki widłowe, paleciaki) | BA88: BHP (drabiny, schodki, podesty) | BB88: Ansul | BC88: Okap | BD88: Brama garażowa | BE88: Żaluzje (gastro) | BF88: Bramki antykradzieżowe | BG88: Mycie jednostek klimatyzacji
A89: WARSZAWA | B89: 174 (Zoom NS) | C89: Główny | D89: Mycie jednostek klimatyzacji | E89: 46191 | F89: 36 | G89: =IF(OR(E89="",F89=""),"",DATE(YEAR(E89),MONTH(E89)+F89,DAY(E89))) -> 47287 | H89: =IF(G89="","",IF(G89<TODAY(),"PO TERMINIE",IF(G89<=TODAY()+14,"DO WYKONANIA","OK"))) -> OK | J89: =IF(COUNTA(A89:F291)=0,"",IF(#REF!="","BRAK PROTOKOŁU","DODANY")) -> #REF!
A90: WARSZAWA | B90: 176 (Zoom odloty) | C90: Główny | D90: Elektryczny (roczny) | G90: =IF(OR(E90="",F90=""),"",DATE(YEAR(E90),MONTH(E90)+F90,DAY(E90))) | H90: =IF(G90="","",IF(G90<TODAY(),"PO TERMINIE",IF(G90<=TODAY()+14,"DO WYKONANIA","OK"))) | J90: =IF(COUNTA(A90:F276)=0,"",IF(#REF!="","BRAK PROTOKOŁU","DODANY")) -> #REF! | M90: {=IF($A90="","",IFERROR(TRANSPOSE(_xlfn._xlws.FILTER(Lokale!$C$3:$C$91,Lokale!$B$3:$B$91=$A90)),""))} -> 170 (Glamour) | N90: 171 (Starter Dworzec) | O90: 172 (Starter Przyloty) | P90: 173 (LMDL2) | Q90: 174 (Zoom NS) | R90: 175 (Ministore NS) | S90: 176 (Zoom odloty) | T90: 177 (Spirit of Poland) | U90: 178 (Multistore) | V90: 179 (ZOOM) | W90: 180 (Starter odloty) | X90: 181 (Bestseller) | Y90: 182 (Zoom palarnia) | Z90: 183 (LMDL) | AA90: 187 (Zoom NS) | AB90: 208 (PIZZA) | AC90: 532 (Magazyn) | AD90: Wszystkie lokale | AJ90: {=IF($C90="","",IFERROR(TRANSPOSE(_xlfn._xlws.FILTER(Listy!$D$2:$D$60,Listy!$C$2:$C$60=$C90)),""))} -> Elektryczny (roczny) | AK90: Elektryczny (5-cio letni) | AL90: Systemy PPOŻ | AM90: Gaśnice | AN90: Klimatyzacja | AO90: Alarmy | AP90: Hydranty | AQ90: Rolety | AR90: Wentylacja | AS90: Wymiana filtrów | AT90: Regałów magazynowych | AU90: CRO | AV90: Mroźnia/Chłodnia | AW90: Regały chłodnicze | AX90: Separatory tłuszczu | AY90: Vendingi | AZ90: UDT (wózki widłowe, paleciaki) | BA90: BHP (drabiny, schodki, podesty) | BB90: Ansul | BC90: Okap | BD90: Brama garażowa | BE90: Żaluzje (gastro) | BF90: Bramki antykradzieżowe | BG90: Mycie jednostek klimatyzacji
A91: WARSZAWA | B91: 176 (Zoom odloty) | C91: Główny | D91: Elektryczny (5-cio letni) | E91: 45552 | G91: =IF(OR(E91="",F91=""),"",DATE(YEAR(E91),MONTH(E91)+F91,DAY(E91))) | H91: =IF(G91="","",IF(G91<TODAY(),"PO TERMINIE",IF(G91<=TODAY()+14,"DO WYKONANIA","OK"))) | J91: =IF(COUNTA(A91:F277)=0,"",IF(#REF!="","BRAK PROTOKOŁU","DODANY")) -> #REF! | M91: {=IF($A91="","",IFERROR(TRANSPOSE(_xlfn._xlws.FILTER(Lokale!$C$3:$C$91,Lokale!$B$3:$B$91=$A91)),""))} -> 170 (Glamour) | N91: 171 (Starter Dworzec) | O91: 172 (Starter Przyloty) | P91: 173 (LMDL2) | Q91: 174 (Zoom NS) | R91: 175 (Ministore NS) | S91: 176 (Zoom odloty) | T91: 177 (Spirit of Poland) | U91: 178 (Multistore) | V91: 179 (ZOOM) | W91: 180 (Starter odloty) | X91: 181 (Bestseller) | Y91: 182 (Zoom palarnia) | Z91: 183 (LMDL) | AA91: 187 (Zoom NS) | AB91: 208 (PIZZA) | AC91: 532 (Magazyn) | AD91: Wszystkie lokale | AJ91: {=IF($C91="","",IFERROR(TRANSPOSE(_xlfn._xlws.FILTER(Listy!$D$2:$D$60,Listy!$C$2:$C$60=$C91)),""))} -> Elektryczny (roczny) | AK91: Elektryczny (5-cio letni) | AL91: Systemy PPOŻ | AM91: Gaśnice | AN91: Klimatyzacja | AO91: Alarmy | AP91: Hydranty | AQ91: Rolety | AR91: Wentylacja | AS91: Wymiana filtrów | AT91: Regałów magazynowych | AU91: CRO | AV91: Mroźnia/Chłodnia | AW91: Regały chłodnicze | AX91: Separatory tłuszczu | AY91: Vendingi | AZ91: UDT (wózki widłowe, paleciaki) | BA91: BHP (drabiny, schodki, podesty) | BB91: Ansul | BC91: Okap | BD91: Brama garażowa | BE91: Żaluzje (gastro) | BF91: Bramki antykradzieżowe | BG91: Mycie jednostek klimatyzacji
A92: WARSZAWA | B92: 176 (Zoom odloty) | C92: Główny | D92: Systemy PPOŻ | G92: =IF(OR(E92="",F92=""),"",DATE(YEAR(E92),MONTH(E92)+F92,DAY(E92))) | H92: =IF(G92="","",IF(G92<TODAY(),"PO TERMINIE",IF(G92<=TODAY()+14,"DO WYKONANIA","OK"))) | J92: =IF(COUNTA(A92:F278)=0,"",IF(#REF!="","BRAK PROTOKOŁU","DODANY")) -> #REF! | M92: {=IF($A92="","",IFERROR(TRANSPOSE(_xlfn._xlws.FILTER(Lokale!$C$3:$C$91,Lokale!$B$3:$B$91=$A92)),""))} -> 170 (Glamour) | N92: 171 (Starter Dworzec) | O92: 172 (Starter Przyloty) | P92: 173 (LMDL2) | Q92: 174 (Zoom NS) | R92: 175 (Ministore NS) | S92: 176 (Zoom odloty) | T92: 177 (Spirit of Poland) | U92: 178 (Multistore) | V92: 179 (ZOOM) | W92: 180 (Starter odloty) | X92: 181 (Bestseller) | Y92: 182 (Zoom palarnia) | Z92: 183 (LMDL) | AA92: 187 (Zoom NS) | AB92: 208 (PIZZA) | AC92: 532 (Magazyn) | AD92: Wszystkie lokale | AJ92: {=IF($C92="","",IFERROR(TRANSPOSE(_xlfn._xlws.FILTER(Listy!$D$2:$D$60,Listy!$C$2:$C$60=$C92)),""))} -> Elektryczny (roczny) | AK92: Elektryczny (5-cio letni) | AL92: Systemy PPOŻ | AM92: Gaśnice | AN92: Klimatyzacja | AO92: Alarmy | AP92: Hydranty | AQ92: Rolety | AR92: Wentylacja | AS92: Wymiana filtrów | AT92: Regałów magazynowych | AU92: CRO | AV92: Mroźnia/Chłodnia | AW92: Regały chłodnicze | AX92: Separatory tłuszczu | AY92: Vendingi | AZ92: UDT (wózki widłowe, paleciaki) | BA92: BHP (drabiny, schodki, podesty) | BB92: Ansul | BC92: Okap | BD92: Brama garażowa | BE92: Żaluzje (gastro) | BF92: Bramki antykradzieżowe | BG92: Mycie jednostek klimatyzacji
A93: WARSZAWA | B93: 176 (Zoom odloty) | C93: Główny | D93: Gaśnice | G93: =IF(OR(E93="",F93=""),"",DATE(YEAR(E93),MONTH(E93)+F93,DAY(E93))) | H93: =IF(G93="","",IF(G93<TODAY(),"PO TERMINIE",IF(G93<=TODAY()+14,"DO WYKONANIA","OK"))) | J93: =IF(COUNTA(A93:F279)=0,"",IF(#REF!="","BRAK PROTOKOŁU","DODANY")) -> #REF! | M93: {=IF($A93="","",IFERROR(TRANSPOSE(_xlfn._xlws.FILTER(Lokale!$C$3:$C$91,Lokale!$B$3:$B$91=$A93)),""))} -> 170 (Glamour) | N93: 171 (Starter Dworzec) | O93: 172 (Starter Przyloty) | P93: 173 (LMDL2) | Q93: 174 (Zoom NS) | R93: 175 (Ministore NS) | S93: 176 (Zoom odloty) | T93: 177 (Spirit of Poland) | U93: 178 (Multistore) | V93: 179 (ZOOM) | W93: 180 (Starter odloty) | X93: 181 (Bestseller) | Y93: 182 (Zoom palarnia) | Z93: 183 (LMDL) | AA93: 187 (Zoom NS) | AB93: 208 (PIZZA) | AC93: 532 (Magazyn) | AD93: Wszystkie lokale | AJ93: {=IF($C93="","",IFERROR(TRANSPOSE(_xlfn._xlws.FILTER(Listy!$D$2:$D$60,Listy!$C$2:$C$60=$C93)),""))} -> Elektryczny (roczny) | AK93: Elektryczny (5-cio letni) | AL93: Systemy PPOŻ | AM93: Gaśnice | AN93: Klimatyzacja | AO93: Alarmy | AP93: Hydranty | AQ93: Rolety | AR93: Wentylacja | AS93: Wymiana filtrów | AT93: Regałów magazynowych | AU93: CRO | AV93: Mroźnia/Chłodnia | AW93: Regały chłodnicze | AX93: Separatory tłuszczu | AY93: Vendingi | AZ93: UDT (wózki widłowe, paleciaki) | BA93: BHP (drabiny, schodki, podesty) | BB93: Ansul | BC93: Okap | BD93: Brama garażowa | BE93: Żaluzje (gastro) | BF93: Bramki antykradzieżowe | BG93: Mycie jednostek klimatyzacji
A94: WARSZAWA | B94: 176 (Zoom odloty) | C94: Główny | D94: Klimatyzacja | E94: 46176 | F94: 3 | G94: =IF(OR(E94="",F94=""),"",DATE(YEAR(E94),MONTH(E94)+F94,DAY(E94))) -> 46268 | H94: =IF(G94="","",IF(G94<TODAY(),"PO TERMINIE",IF(G94<=TODAY()+14,"DO WYKONANIA","OK"))) -> OK | J94: =IF(COUNTA(A94:F280)=0,"",IF(#REF!="","BRAK PROTOKOŁU","DODANY")) -> #REF! | M94: {=IF($A94="","",IFERROR(TRANSPOSE(_xlfn._xlws.FILTER(Lokale!$C$3:$C$91,Lokale!$B$3:$B$91=$A94)),""))} -> 170 (Glamour) | N94: 171 (Starter Dworzec) | O94: 172 (Starter Przyloty) | P94: 173 (LMDL2) | Q94: 174 (Zoom NS) | R94: 175 (Ministore NS) | S94: 176 (Zoom odloty) | T94: 177 (Spirit of Poland) | U94: 178 (Multistore) | V94: 179 (ZOOM) | W94: 180 (Starter odloty) | X94: 181 (Bestseller) | Y94: 182 (Zoom palarnia) | Z94: 183 (LMDL) | AA94: 187 (Zoom NS) | AB94: 208 (PIZZA) | AC94: 532 (Magazyn) | AD94: Wszystkie lokale | AJ94: {=IF($C94="","",IFERROR(TRANSPOSE(_xlfn._xlws.FILTER(Listy!$D$2:$D$60,Listy!$C$2:$C$60=$C94)),""))} -> Elektryczny (roczny) | AK94: Elektryczny (5-cio letni) | AL94: Systemy PPOŻ | AM94: Gaśnice | AN94: Klimatyzacja | AO94: Alarmy | AP94: Hydranty | AQ94: Rolety | AR94: Wentylacja | AS94: Wymiana filtrów | AT94: Regałów magazynowych | AU94: CRO | AV94: Mroźnia/Chłodnia | AW94: Regały chłodnicze | AX94: Separatory tłuszczu | AY94: Vendingi | AZ94: UDT (wózki widłowe, paleciaki) | BA94: BHP (drabiny, schodki, podesty) | BB94: Ansul | BC94: Okap | BD94: Brama garażowa | BE94: Żaluzje (gastro) | BF94: Bramki antykradzieżowe | BG94: Mycie jednostek klimatyzacji
A95: WARSZAWA | B95: 176 (Zoom odloty) | C95: Główny | D95: Mycie jednostek klimatyzacji | E95: 46191 | F95: 36 | G95: =IF(OR(E95="",F95=""),"",DATE(YEAR(E95),MONTH(E95)+F95,DAY(E95))) -> 47287 | H95: =IF(G95="","",IF(G95<TODAY(),"PO TERMINIE",IF(G95<=TODAY()+14,"DO WYKONANIA","OK"))) -> OK | J95: =IF(COUNTA(A95:F281)=0,"",IF(#REF!="","BRAK PROTOKOŁU","DODANY")) -> #REF! | M95: {=IF($A95="","",IFERROR(TRANSPOSE(_xlfn._xlws.FILTER(Lokale!$C$3:$C$91,Lokale!$B$3:$B$91=$A95)),""))} -> 170 (Glamour) | N95: 171 (Starter Dworzec) | O95: 172 (Starter Przyloty) | P95: 173 (LMDL2) | Q95: 174 (Zoom NS) | R95: 175 (Ministore NS) | S95: 176 (Zoom odloty) | T95: 177 (Spirit of Poland) | U95: 178 (Multistore) | V95: 179 (ZOOM) | W95: 180 (Starter odloty) | X95: 181 (Bestseller) | Y95: 182 (Zoom palarnia) | Z95: 183 (LMDL) | AA95: 187 (Zoom NS) | AB95: 208 (PIZZA) | AC95: 532 (Magazyn) | AD95: Wszystkie lokale | AJ95: {=IF($C95="","",IFERROR(TRANSPOSE(_xlfn._xlws.FILTER(Listy!$D$2:$D$60,Listy!$C$2:$C$60=$C95)),""))} -> Elektryczny (roczny) | AK95: Elektryczny (5-cio letni) | AL95: Systemy PPOŻ | AM95: Gaśnice | AN95: Klimatyzacja | AO95: Alarmy | AP95: Hydranty | AQ95: Rolety | AR95: Wentylacja | AS95: Wymiana filtrów | AT95: Regałów magazynowych | AU95: CRO | AV95: Mroźnia/Chłodnia | AW95: Regały chłodnicze | AX95: Separatory tłuszczu | AY95: Vendingi | AZ95: UDT (wózki widłowe, paleciaki) | BA95: BHP (drabiny, schodki, podesty) | BB95: Ansul | BC95: Okap | BD95: Brama garażowa | BE95: Żaluzje (gastro) | BF95: Bramki antykradzieżowe | BG95: Mycie jednostek klimatyzacji
A96: WARSZAWA | B96: 176 (Zoom odloty) | C96: Główny | D96: Rolety | G96: =IF(OR(E96="",F96=""),"",DATE(YEAR(E96),MONTH(E96)+F96,DAY(E96))) | H96: =IF(G96="","",IF(G96<TODAY(),"PO TERMINIE",IF(G96<=TODAY()+14,"DO WYKONANIA","OK"))) | J96: =IF(COUNTA(A96:F282)=0,"",IF(#REF!="","BRAK PROTOKOŁU","DODANY")) -> #REF! | M96: {=IF($A96="","",IFERROR(TRANSPOSE(_xlfn._xlws.FILTER(Lokale!$C$3:$C$91,Lokale!$B$3:$B$91=$A96)),""))} -> 170 (Glamour) | N96: 171 (Starter Dworzec) | O96: 172 (Starter Przyloty) | P96: 173 (LMDL2) | Q96: 174 (Zoom NS) | R96: 175 (Ministore NS) | S96: 176 (Zoom odloty) | T96: 177 (Spirit of Poland) | U96: 178 (Multistore) | V96: 179 (ZOOM) | W96: 180 (Starter odloty) | X96: 181 (Bestseller) | Y96: 182 (Zoom palarnia) | Z96: 183 (LMDL) | AA96: 187 (Zoom NS) | AB96: 208 (PIZZA) | AC96: 532 (Magazyn) | AD96: Wszystkie lokale | AJ96: {=IF($C96="","",IFERROR(TRANSPOSE(_xlfn._xlws.FILTER(Listy!$D$2:$D$60,Listy!$C$2:$C$60=$C96)),""))} -> Elektryczny (roczny) | AK96: Elektryczny (5-cio letni) | AL96: Systemy PPOŻ | AM96: Gaśnice | AN96: Klimatyzacja | AO96: Alarmy | AP96: Hydranty | AQ96: Rolety | AR96: Wentylacja | AS96: Wymiana filtrów | AT96: Regałów magazynowych | AU96: CRO | AV96: Mroźnia/Chłodnia | AW96: Regały chłodnicze | AX96: Separatory tłuszczu | AY96: Vendingi | AZ96: UDT (wózki widłowe, paleciaki) | BA96: BHP (drabiny, schodki, podesty) | BB96: Ansul | BC96: Okap | BD96: Brama garażowa | BE96: Żaluzje (gastro) | BF96: Bramki antykradzieżowe | BG96: Mycie jednostek klimatyzacji
A97: WARSZAWA | B97: 177 (Spirit of Poland) | C97: Główny | D97: Elektryczny (roczny) | E97: 46093 | F97: 12 | G97: =IF(OR(E97="",F97=""),"",DATE(YEAR(E97),MONTH(E97)+F97,DAY(E97))) -> 46458 | H97: =IF(G97="","",IF(G97<TODAY(),"PO TERMINIE",IF(G97<=TODAY()+14,"DO WYKONANIA","OK"))) -> OK | J97: =IF(COUNTA(A97:F298)=0,"",IF(#REF!="","BRAK PROTOKOŁU","DODANY")) -> #REF! | M97: {=IF($A97="","",IFERROR(TRANSPOSE(_xlfn._xlws.FILTER(Lokale!$C$3:$C$91,Lokale!$B$3:$B$91=$A97)),""))} -> 170 (Glamour) | N97: 171 (Starter Dworzec) | O97: 172 (Starter Przyloty) | P97: 173 (LMDL2) | Q97: 174 (Zoom NS) | R97: 175 (Ministore NS) | S97: 176 (Zoom odloty) | T97: 177 (Spirit of Poland) | U97: 178 (Multistore) | V97: 179 (ZOOM) | W97: 180 (Starter odloty) | X97: 181 (Bestseller) | Y97: 182 (Zoom palarnia) | Z97: 183 (LMDL) | AA97: 187 (Zoom NS) | AB97: 208 (PIZZA) | AC97: 532 (Magazyn) | AD97: Wszystkie lokale | AJ97: {=IF($C97="","",IFERROR(TRANSPOSE(_xlfn._xlws.FILTER(Listy!$D$2:$D$60,Listy!$C$2:$C$60=$C97)),""))} -> Elektryczny (roczny) | AK97: Elektryczny (5-cio letni) | AL97: Systemy PPOŻ | AM97: Gaśnice | AN97: Klimatyzacja | AO97: Alarmy | AP97: Hydranty | AQ97: Rolety | AR97: Wentylacja | AS97: Wymiana filtrów | AT97: Regałów magazynowych | AU97: CRO | AV97: Mroźnia/Chłodnia | AW97: Regały chłodnicze | AX97: Separatory tłuszczu | AY97: Vendingi | AZ97: UDT (wózki widłowe, paleciaki) | BA97: BHP (drabiny, schodki, podesty) | BB97: Ansul | BC97: Okap | BD97: Brama garażowa | BE97: Żaluzje (gastro) | BF97: Bramki antykradzieżowe | BG97: Mycie jednostek klimatyzacji
A98: WARSZAWA | B98: 177 (Spirit of Poland) | C98: Główny | D98: Elektryczny (5-cio letni) | E98: 44997 | F98: 60 | G98: =IF(OR(E98="",F98=""),"",DATE(YEAR(E98),MONTH(E98)+F98,DAY(E98))) -> 46824 | H98: =IF(G98="","",IF(G98<TODAY(),"PO TERMINIE",IF(G98<=TODAY()+14,"DO WYKONANIA","OK"))) -> OK | J98: =IF(COUNTA(A98:F299)=0,"",IF(#REF!="","BRAK PROTOKOŁU","DODANY")) -> #REF! | M98: {=IF($A98="","",IFERROR(TRANSPOSE(_xlfn._xlws.FILTER(Lokale!$C$3:$C$91,Lokale!$B$3:$B$91=$A98)),""))} -> 170 (Glamour) | N98: 171 (Starter Dworzec) | O98: 172 (Starter Przyloty) | P98: 173 (LMDL2) | Q98: 174 (Zoom NS) | R98: 175 (Ministore NS) | S98: 176 (Zoom odloty) | T98: 177 (Spirit of Poland) | U98: 178 (Multistore) | V98: 179 (ZOOM) | W98: 180 (Starter odloty) | X98: 181 (Bestseller) | Y98: 182 (Zoom palarnia) | Z98: 183 (LMDL) | AA98: 187 (Zoom NS) | AB98: 208 (PIZZA) | AC98: 532 (Magazyn) | AD98: Wszystkie lokale | AJ98: {=IF($C98="","",IFERROR(TRANSPOSE(_xlfn._xlws.FILTER(Listy!$D$2:$D$60,Listy!$C$2:$C$60=$C98)),""))} -> Elektryczny (roczny) | AK98: Elektryczny (5-cio letni) | AL98: Systemy PPOŻ | AM98: Gaśnice | AN98: Klimatyzacja | AO98: Alarmy | AP98: Hydranty | AQ98: Rolety | AR98: Wentylacja | AS98: Wymiana filtrów | AT98: Regałów magazynowych | AU98: CRO | AV98: Mroźnia/Chłodnia | AW98: Regały chłodnicze | AX98: Separatory tłuszczu | AY98: Vendingi | AZ98: UDT (wózki widłowe, paleciaki) | BA98: BHP (drabiny, schodki, podesty) | BB98: Ansul | BC98: Okap | BD98: Brama garażowa | BE98: Żaluzje (gastro) | BF98: Bramki antykradzieżowe | BG98: Mycie jednostek klimatyzacji
A99: WARSZAWA | B99: 177 (Spirit of Poland) | C99: Główny | D99: Gaśnice | E99: 46176 | F99: 12 | G99: =IF(OR(E99="",F99=""),"",DATE(YEAR(E99),MONTH(E99)+F99,DAY(E99))) -> 46541 | H99: =IF(G99="","",IF(G99<TODAY(),"PO TERMINIE",IF(G99<=TODAY()+14,"DO WYKONANIA","OK"))) -> OK | J99: =IF(COUNTA(A99:F301)=0,"",IF(#REF!="","BRAK PROTOKOŁU","DODANY")) -> #REF! | M99: {=IF($A99="","",IFERROR(TRANSPOSE(_xlfn._xlws.FILTER(Lokale!$C$3:$C$91,Lokale!$B$3:$B$91=$A99)),""))} -> 170 (Glamour) | N99: 171 (Starter Dworzec) | O99: 172 (Starter Przyloty) | P99: 173 (LMDL2) | Q99: 174 (Zoom NS) | R99: 175 (Ministore NS) | S99: 176 (Zoom odloty) | T99: 177 (Spirit of Poland) | U99: 178 (Multistore) | V99: 179 (ZOOM) | W99: 180 (Starter odloty) | X99: 181 (Bestseller) | Y99: 182 (Zoom palarnia) | Z99: 183 (LMDL) | AA99: 187 (Zoom NS) | AB99: 208 (PIZZA) | AC99: 532 (Magazyn) | AD99: Wszystkie lokale | AJ99: {=IF($C99="","",IFERROR(TRANSPOSE(_xlfn._xlws.FILTER(Listy!$D$2:$D$60,Listy!$C$2:$C$60=$C99)),""))} -> Elektryczny (roczny) | AK99: Elektryczny (5-cio letni) | AL99: Systemy PPOŻ | AM99: Gaśnice | AN99: Klimatyzacja | AO99: Alarmy | AP99: Hydranty | AQ99: Rolety | AR99: Wentylacja | AS99: Wymiana filtrów | AT99: Regałów magazynowych | AU99: CRO | AV99: Mroźnia/Chłodnia | AW99: Regały chłodnicze | AX99: Separatory tłuszczu | AY99: Vendingi | AZ99: UDT (wózki widłowe, paleciaki) | BA99: BHP (drabiny, schodki, podesty) | BB99: Ansul | BC99: Okap | BD99: Brama garażowa | BE99: Żaluzje (gastro) | BF99: Bramki antykradzieżowe | BG99: Mycie jednostek klimatyzacji
A100: WARSZAWA | B100: 177 (Spirit of Poland) | C100: Główny | D100: Klimatyzacja | E100: 46192 | F100: 3 | G100: =IF(OR(E100="",F100=""),"",DATE(YEAR(E100),MONTH(E100)+F100,DAY(E100))) -> 46284 | H100: =IF(G100="","",IF(G100<TODAY(),"PO TERMINIE",IF(G100<=TODAY()+14,"DO WYKONANIA","OK"))) -> OK | J100: =IF(COUNTA(A100:F302)=0,"",IF(#REF!="","BRAK PROTOKOŁU","DODANY")) -> #REF! | M100: {=IF($A100="","",IFERROR(TRANSPOSE(_xlfn._xlws.FILTER(Lokale!$C$3:$C$91,Lokale!$B$3:$B$91=$A100)),""))} -> 170 (Glamour) | N100: 171 (Starter Dworzec) | O100: 172 (Starter Przyloty) | P100: 173 (LMDL2) | Q100: 174 (Zoom NS) | R100: 175 (Ministore NS) | S100: 176 (Zoom odloty) | T100: 177 (Spirit of Poland) | U100: 178 (Multistore) | V100: 179 (ZOOM) | W100: 180 (Starter odloty) | X100: 181 (Bestseller) | Y100: 182 (Zoom palarnia) | Z100: 183 (LMDL) | AA100: 187 (Zoom NS) | AB100: 208 (PIZZA) | AC100: 532 (Magazyn) | AD100: Wszystkie lokale | AJ100: {=IF($C100="","",IFERROR(TRANSPOSE(_xlfn._xlws.FILTER(Listy!$D$2:$D$60,Listy!$C$2:$C$60=$C100)),""))} -> Elektryczny (roczny) | AK100: Elektryczny (5-cio letni) | AL100: Systemy PPOŻ | AM100: Gaśnice | AN100: Klimatyzacja | AO100: Alarmy | AP100: Hydranty | AQ100: Rolety | AR100: Wentylacja | AS100: Wymiana filtrów | AT100: Regałów magazynowych | AU100: CRO | AV100: Mroźnia/Chłodnia | AW100: Regały chłodnicze | AX100: Separatory tłuszczu | AY100: Vendingi | AZ100: UDT (wózki widłowe, paleciaki) | BA100: BHP (drabiny, schodki, podesty) | BB100: Ansul | BC100: Okap | BD100: Brama garażowa | BE100: Żaluzje (gastro) | BF100: Bramki antykradzieżowe | BG100: Mycie jednostek klimatyzacji
...
